Edad;Sexo;Alcance;Impresiones;Frecuencia;Resultados;Costo por resultado;Importe gastado (USD);CPM (costo por mil impresiones);Clics en el enlace;CPC (costo por clic en el enlace);CTR (porcentaje de clics en el enlace);ROAS;Tasa de resultados;Clics (todos);CPC (todos);CTR (todos);Comentarios de la publicación;Reacciones a la publicación;Interacción con una publicación;Veces que se compartió la publicación;Valor de conversión de compras;Pagos iniciados;Costo por pago iniciado;;;;;;;;
35-44;female;52992;67453;1.27;52;16.22;843.43;12.50401888;856;0.985;1.269;2.02;0.077090715;1626;0.519;2.41;44;277;23012;128;1702.61;199;4.24;;;;;;;;
35-44;female;42048;53027;1.26;34;23.29;791.84;14.93272013;771;1.027;1.454;1.36;0.064118279;1363;0.581;2.57;43;226;19689;91;1076.29;144;5.50;;;;;;;;
35-44;female;37280;45775;1.23;42;17.93;752.98;16.44959039;746;1.009;1.630;1.84;0.09175314;1185;0.635;2.59;23;235;17377;111;1388.13;165;4.56;;;;;;;;
45-54;female;25440;30149;1.19;40;18.55;742.16;24.61640519;635;1.169;2.106;1.78;0.132674384;1079;0.688;3.58;12;239;13208;81;1321.8;156;4.76;;;;;;;;
45-54;female;23232;30606;1.32;36;19.76;711.50;23.24700198;663;1.073;2.166;1.98;0.117623995;1119;0.636;3.66;13;177;12484;50;1412.28;130;5.47;;;;;;;;
35-44;female;32416;43161;1.33;42;16.68;700.62;16.23265504;700;1.001;1.622;1.95;0.097310072;1251;0.560;2.90;31;180;14781;57;1364.12;182;3.85;;;;;;;;
25-34;female;46208;59761;1.29;36;19.43;699.64;11.70726158;800;0.875;1.339;1.60;0.060239956;1583;0.442;2.65;41;197;20065;88;1122.12;175;4.00;;;;;;;;
25-34;female;44288;52411;1.18;45;14.87;669.32;12.77060159;649;1.031;1.238;2.21;0.085859839;1118;0.599;2.13;33;222;18460;162;1479.43;137;4.89;;;;;;;;
45-54;female;24672;29519;1.20;33;19.48;642.71;21.77268368;630;1.020;2.134;1.63;0.111792405;1011;0.636;3.42;17;201;12625;61;1049.85;117;5.49;;;;;;;;
45-54;female;26176;34170;1.31;29;20.41;592.02;17.32559256;596;0.993;1.744;1.56;0.084869769;1062;0.557;3.11;24;214;13950;77;921.95;106;5.59;;;;;;;;
25-34;female;41440;55992;1.35;27;21.68;585.38;10.45462831;641;0.913;1.145;1.48;0.048221174;1399;0.418;2.50;51;185;17405;87;864.85;120;4.88;;;;;;;;
25-34;female;33792;42708;1.26;39;13.36;521.10;12.20135971;530;0.983;1.241;2.37;0.091317786;1049;0.497;2.46;21;121;12844;53;1233.88;124;4.20;;;;;;;;
25-34;female;31680;41024;1.29;19;26.32;499.99;12.18774376;468;1.068;1.141;1.23;0.046314353;1011;0.495;2.46;35;142;13860;99;613.48;80;6.25;;;;;;;;
35-44;female;24848;32064;1.29;21;22.25;467.31;14.57428892;410;1.140;1.279;1.41;0.065494012;768;0.608;2.40;23;142;11413;61;658.32;81;5.77;;;;;;;;
55-64;female;10432;12104;1.16;27;15.96;430.96;35.60475876;393;1.097;3.247;2.06;0.223066755;615;0.701;5.08;9;95;6132;33;887.84;79;5.46;;;;;;;;
55-64;female;11552;12738;1.10;19;22.20;421.76;33.11073871;391;1.079;3.070;1.49;0.149159994;632;0.667;4.96;14;85;6062;27;630.49;81;5.21;;;;;;;;
35-44;female;19888;25171;1.27;18;23.25;418.53;16.62746812;390;1.073;1.549;1.44;0.071510866;640;0.654;2.54;15;140;8534;46;601.56;74;5.66;;;;;;;;
55-64;female;9920;11795;1.19;20;18.98;379.65;32.18725983;366;1.037;3.103;1.73;0.169563374;596;0.637;5.05;13;96;5669;30;655.88;68;5.58;;;;;;;;
25-34;female;26592;33454;1.26;17;21.90;372.38;11.1311054;356;1.046;1.064;1.38;0.050816046;855;0.436;2.56;23;128;11115;51;513.64;79;4.71;;;;;;;;
45-54;female;10992;13696;1.25;24;14.74;353.75;25.82870911;319;1.109;2.329;2.21;0.175233645;491;0.720;3.58;12;108;5623;33;783.08;67;5.28;;;;;;;;
25-34;female;20400;26637;1.31;10;34.02;340.23;12.77283478;337;1.010;1.265;1.01;0.037541765;613;0.555;2.30;13;90;7991;51;344.2;63;5.40;;;;;;;;
35-44;female;17712;23883;1.35;23;14.61;335.93;14.06565339;356;0.944;1.491;2.11;0.09630281;708;0.474;2.96;15;125;8330;47;708.16;82;4.10;;;;;;;;
35-44;female;15536;16651;1.07;11;25.02;275.24;16.52993814;205;1.343;1.231;1.40;0.066062098;306;0.899;1.84;6;43;5981;13;384.12;44;6.26;;;;;;;;
35-44;female;14552;15525;1.07;14;19.21;268.99;17.32624799;211;1.275;1.359;1.82;0.090177134;341;0.789;2.20;6;52;5565;21;488.88;32;8.41;;;;;;;;
35-44;female;14480;15073;1.04;13;20.40;265.20;17.59437405;205;1.294;1.360;1.85;0.086246932;334;0.794;2.22;6;47;5574;16;489.96;45;5.89;;;;;;;;
45-54;female;10544;12846;1.22;16;16.07;257.13;20.0163475;214;1.202;1.666;2.05;0.12455239;364;0.706;2.83;5;70;5222;29;526.2;57;4.51;;;;;;;;
35-44;female;14104;15396;1.09;9;28.38;255.41;16.58937386;192;1.330;1.247;1.30;0.058456742;274;0.932;1.78;2;36;5498;16;332.28;30;8.51;;;;;;;;
35-44;female;13840;14878;1.08;9;28.35;255.17;17.15082672;172;1.484;1.156;1.30;0.060492002;254;1.005;1.71;2;58;5510;18;332.28;31;8.23;;;;;;;;
55-64;female;8448;10503;1.24;14;17.98;251.76;23.97011191;279;0.902;2.656;1.76;0.133295249;465;0.541;4.43;7;81;4971;22;443.88;46;5.47;;;;;;;;
35-44;female;14816;18312;1.24;15;15.82;237.32;12.95980778;239;0.993;1.305;2.15;0.081913499;424;0.560;2.32;8;128;7255;65;511.28;47;5.05;;;;;;;;
25-34;female;15440;16866;1.09;12;19.36;232.33;13.7750504;152;1.528;0.901;1.95;0.071149057;248;0.937;1.47;3;27;5529;22;452.04;33;7.04;;;;;;;;
45-54;female;8960;11024;1.23;14;16.01;224.11;20.32928157;214;1.047;1.941;2.00;0.126995646;411;0.545;3.73;7;83;4293;27;448.88;52;4.31;;;;;;;;
35-44;female;12104;12945;1.07;11;20.36;223.93;17.29857088;180;1.244;1.390;1.72;0.084974894;290;0.772;2.24;3;39;4582;15;384.12;29;7.72;;;;;;;;
25-34;female;14704;15403;1.05;2;109.04;218.07;14.15763163;167;1.306;1.084;0.32;0.012984484;252;0.865;1.64;4;39;5355;24;69.84;18;12.12;;;;;;;;
25-34;female;14368;15766;1.10;8;27.18;217.43;13.79106939;114;1.907;0.723;1.28;0.050742103;199;1.093;1.26;2;38;5228;27;279.36;32;6.79;;;;;;;;
65+;female;4224;5095;1.21;19;11.23;213.41;41.8861629;220;0.970;4.318;3.03;0.372914622;337;0.633;6.61;1;40;2677;19;646.48;48;4.45;;;;;;;;
25-34;female;13776;14873;1.08;10;21.32;213.23;14.33671754;172;1.240;1.156;1.79;0.067235931;267;0.799;1.80;5;37;4984;19;382.2;35;6.09;;;;;;;;
45-54;female;9104;9608;1.06;10;20.88;208.78;21.72980849;159;1.313;1.655;1.64;0.104079933;258;0.809;2.69;3;35;4249;9;343.21;31;6.73;;;;;;;;
45-54;female;8000;8582;1.07;12;17.05;204.55;23.83477045;171;1.196;1.993;2.05;0.139827546;262;0.781;3.05;2;45;4043;11;419.04;28;7.31;;;;;;;;
25-34;female;13880;14997;1.08;18;11.29;203.25;13.55271054;162;1.255;1.080;3.51;0.120024005;260;0.782;1.73;5;31;4968;31;712.51;40;5.08;;;;;;;;
45-54;female;8096;8553;1.06;6;31.70;190.20;22.23781129;136;1.399;1.590;1.10;0.070150824;215;0.885;2.51;3;30;3750;6;209.52;18;10.57;;;;;;;;
25-34;female;14544;17440;1.20;10;18.97;189.69;10.87672018;180;1.054;1.032;1.71;0.05733945;318;0.597;1.82;13;89;6289;52;324.2;39;4.86;;;;;;;;
45-54;female;7392;8494;1.15;11;17.19;189.14;22.26748293;139;1.361;1.636;2.22;0.129503179;215;0.880;2.53;4;24;3851;10;420.12;25;7.57;;;;;;;;
45-54;female;8064;8466;1.05;9;20.69;186.19;21.99267659;151;1.233;1.784;1.78;0.106307583;236;0.789;2.79;2;45;3797;16;332.28;26;7.16;;;;;;;;
18-24;female;18240;23459;1.29;12;15.45;185.40;7.90312373;260;0.713;1.108;1.99;0.051153076;586;0.316;2.50;7;45;6844;20;369.05;49;3.78;;;;;;;;
45-54;female;7472;7784;1.04;9;20.38;183.38;23.55858171;131;1.400;1.683;1.71;0.115621788;208;0.882;2.67;1;27;3530;9;314.28;17;10.79;;;;;;;;
55-64;female;4032;4930;1.22;10;18.34;183.36;37.19269777;141;1.300;2.860;2.18;0.202839757;244;0.751;4.95;9;49;2201;16;399.15;33;5.56;;;;;;;;
35-44;female;10792;11430;1.06;7;25.41;177.90;15.56443636;170;1.046;1.487;1.35;0.061242345;229;0.777;2.00;;49;5412;41;239.44;29;6.13;;;;;;;;
25-34;female;11432;12422;1.09;8;22.02;176.16;14.18129126;108;1.631;0.869;1.56;0.064401868;175;1.007;1.41;4;19;3976;13;274.87;28;6.29;;;;;;;;
25-34;female;13656;15770;1.15;15;11.65;174.81;11.08497146;158;1.106;1.002;2.71;0.095117311;351;0.498;2.23;17;55;5378;32;473.8;32;5.46;;;;;;;;
35-44;female;10288;11976;1.16;6;28.09;168.55;14.0739813;171;0.986;1.428;1.15;0.0501002;297;0.568;2.48;9;68;4517;32;194.52;27;6.24;;;;;;;;
65+;female;3968;5029;1.27;13;12.75;165.77;32.96270538;166;0.999;3.301;2.40;0.258500696;275;0.603;5.47;5;32;2442;10;397.96;43;3.86;;;;;;;;
65+;female;3808;4642;1.22;10;15.74;157.38;33.90385882;144;1.093;3.102;2.09;0.215424386;255;0.617;5.49;3;33;2245;13;329.21;30;5.25;;;;;;;;
18-24;female;14688;18756;1.28;5;31.34;156.71;8.355193;188;0.834;1.002;0.93;0.026658136;459;0.341;2.45;11;59;5556;20;145.62;34;4.61;;;;;;;;
25-34;female;11128;12698;1.14;9;17.11;154.00;12.12810273;145;1.062;1.142;1.85;0.070877304;251;0.614;1.98;4;44;5127;20;284.28;32;4.81;;;;;;;;
18-24;female;11520;14931;1.30;5;30.46;152.31;10.20092425;153;0.995;1.025;1.11;0.033487375;306;0.498;2.05;6;72;4911;37;169.6;29;5.25;;;;;;;;
45-54;female;6912;8330;1.21;6;25.20;151.19;18.15006002;155;0.975;1.861;1.37;0.072028812;221;0.684;2.65;6;74;3783;22;207;28;5.40;;;;;;;;
18-24;female;12896;17133;1.33;4;35.11;140.43;8.19646297;162;0.867;0.946;0.85;0.023346758;450;0.312;2.63;5;58;5496;21;119.68;25;5.62;;;;;;;;
35-44;female;7867;7867;1.00;3;45.65;136.95;17.40816067;115;1.191;1.462;0.76;0.038133977;161;0.851;2.05;1;21;3342;8;104.76;12;11.41;;;;;;;;
35-44;female;7912;8403;1.06;7;18.95;132.63;15.7836487;152;0.873;1.809;1.86;0.083303582;230;0.577;2.74;5;40;3144;18;246.92;20;6.63;;;;;;;;
25-34;female;9944;10128;1.02;5;25.26;126.28;12.46840442;110;1.148;1.086;1.18;0.049368088;216;0.585;2.13;9;42;3528;17;149.6;25;5.05;;;;;;;;
35-44;female;6824;8496;1.25;5;25.07;125.37;14.75635593;88;1.425;1.036;1.27;0.058851224;142;0.883;1.67;7;28;2984;18;159.6;12;10.45;;;;;;;;
45-54;female;5624;5968;1.06;10;12.40;124.04;20.78486571;137;0.905;2.296;2.65;0.167560322;176;0.705;2.95;2;27;3551;7;329.2;38;3.26;;;;;;;;
25-34;female;7824;9993;1.28;10;12.28;122.80;12.28860202;135;0.910;1.351;2.68;0.100070049;217;0.566;2.17;8;31;3570;31;329.2;26;4.72;;;;;;;;
35-44;female;6232;6435;1.03;8;14.61;116.87;18.16161616;79;1.479;1.228;2.39;0.124320124;116;1.008;1.80;;23;2588;11;279.36;21;5.57;;;;;;;;
35-44;female;5048;6414;1.27;8;14.60;116.78;18.20678961;112;1.043;1.746;2.05;0.124727159;185;0.631;2.88;7;19;2387;11;239.36;23;5.08;;;;;;;;
55-64;female;3072;3699;1.20;7;16.58;116.03;31.36793728;100;1.160;2.703;1.89;0.189240335;159;0.730;4.30;1;26;1757;10;219.44;15;7.74;;;;;;;;
25-34;female;8816;9108;1.03;7;16.56;115.95;12.73089646;127;0.913;1.394;1.89;0.076855512;216;0.537;2.37;5;27;3115;9;219.44;24;4.83;;;;;;;;
35-44;female;7416;7904;1.07;6;19.16;114.95;14.54326923;115;1.000;1.455;1.69;0.075910931;165;0.697;2.09;3;44;3173;19;194.52;17;6.76;;;;;;;;
25-34;female;7104;7729;1.09;4;28.40;113.61;14.69918489;76;1.495;0.983;1.23;0.051753138;125;0.909;1.62;2;19;2749;15;139.68;23;4.94;;;;;;;;
45-54;female;3576;4321;1.21;7;16.19;113.36;26.2342969;108;1.050;2.499;1.94;0.161999537;187;0.606;4.33;3;25;1890;14;219.44;16;7.08;;;;;;;;
55-64;female;3104;4027;1.30;3;37.68;113.05;28.0730072;92;1.229;2.285;0.93;0.074497144;139;0.813;3.45;3;9;2315;2;104.76;17;6.65;;;;;;;;
45-54;female;4624;4917;1.06;4;27.41;109.62;22.29408176;88;1.246;1.790;1.44;0.081350417;128;0.856;2.60;3;15;2648;7;157.68;14;7.83;;;;;;;;
35-44;female;7040;7245;1.03;3;36.47;109.42;15.10322094;99;1.105;1.366;0.82;0.041407867;168;0.651;2.32;1;26;2680;18;89.76;29;3.77;;;;;;;;
55-64;female;3520;3654;1.04;6;17.72;106.33;29.09961686;83;1.281;2.271;2.28;0.164203612;129;0.824;3.53;2;16;2127;3;242.52;13;8.18;;;;;;;;
18-24;female;8224;12754;1.55;4;26.23;104.91;8.22574421;127;0.826;0.996;1.19;0.03136271;306;0.343;2.40;6;23;3434;14;124.68;22;4.77;;;;;;;;
25-34;female;7936;8679;1.09;5;20.84;104.22;12.00829589;111;0.939;1.279;1.44;0.057610324;189;0.551;2.18;5;47;3090;26;149.6;24;4.34;;;;;;;;
18-24;female;10528;14941;1.42;8;12.99;103.91;6.95463555;142;0.732;0.950;2.30;0.053543939;379;0.274;2.54;7;41;4324;15;239.36;28;3.71;;;;;;;;
55-64;female;2528;3452;1.37;;;100.49;29.11066049;105;0.957;3.042;;;164;0.613;4.75;6;25;1419;7;;8;12.56;;;;;;;;
65+;female;3360;4245;1.26;5;19.93;99.67;23.47920895;109;0.914;2.568;1.50;0.11778563;204;0.489;4.81;9;27;2014;11;149.6;24;4.15;;;;;;;;
55-64;female;2056;2649;1.29;5;19.88;99.38;37.51551325;88;1.129;3.322;1.51;0.188750472;140;0.710;5.29;2;21;1348;5;149.6;22;4.52;;;;;;;;
55-64;female;2544;3319;1.30;3;32.58;97.74;29.44862911;71;1.377;2.139;1.07;0.090388671;115;0.850;3.46;3;16;1828;5;104.76;17;5.75;;;;;;;;
55-64;female;3056;3389;1.11;6;15.95;95.69;28.23546769;79;1.211;2.331;2.19;0.177043376;118;0.811;3.48;;11;1836;5;209.52;11;8.70;;;;;;;;
25-34;female;6836;7228;1.06;2;47.68;95.35;13.19175429;70;1.362;0.968;0.63;0.027670172;121;0.788;1.67;1;34;2556;11;59.84;11;8.67;;;;;;;;
55-64;female;2864;3239;1.13;1;93.41;93.41;28.83914789;68;1.374;2.099;0.37;0.030873726;105;0.890;3.24;2;11;1745;4;34.92;7;13.34;;;;;;;;
25-34;female;5264;6571;1.25;3;31.03;93.10;14.16811496;87;1.070;1.324;1.02;0.045655151;164;0.568;2.50;2;17;2128;11;94.76;12;7.76;;;;;;;;
25-34;female;6480;6571;1.01;6;15.50;93.00;14.15309694;66;1.409;1.004;2.25;0.091310303;116;0.802;1.77;;13;2362;5;209.52;17;5.47;;;;;;;;
35-44;female;5296;5565;1.05;5;18.56;92.80;16.67565139;95;0.977;1.707;1.67;0.08984726;147;0.631;2.64;9;23;2183;13;154.6;15;6.19;;;;;;;;
55-64;female;2808;3152;1.12;4;22.71;90.83;28.81662437;63;1.442;1.999;1.54;0.126903553;101;0.899;3.20;1;12;1780;6;139.68;10;9.08;;;;;;;;
45-54;female;3664;3887;1.06;4;22.19;88.75;22.83251865;82;1.082;2.110;1.46;0.102907126;126;0.704;3.24;1;24;1660;11;129.68;20;4.44;;;;;;;;
18-24;female;8432;10474;1.24;2;43.27;86.54;8.26236395;94;0.921;0.897;0.69;0.019094902;231;0.375;2.21;2;36;2800;12;59.84;15;5.77;;;;;;;;
45-54;female;3440;3737;1.09;4;21.14;84.54;22.6224244;76;1.112;2.034;1.87;0.107037731;114;0.742;3.05;1;16;1895;4;157.68;9;9.39;;;;;;;;
65+;female;1312;1652;1.26;2;38.86;77.73;47.05139272;77;1.009;4.661;0.77;0.121065375;120;0.648;7.26;2;10;932;4;59.84;7;11.10;;;;;;;;
45-54;female;2880;3749;1.30;3;25.83;77.49;20.66951187;64;1.211;1.707;1.22;0.080021339;105;0.738;2.80;5;19;1551;13;94.76;12;6.46;;;;;;;;
45-54;female;3840;3905;1.02;3;25.56;76.68;19.63636364;85;0.902;2.177;1.53;0.076824584;118;0.650;3.02;2;29;1897;12;117.24;10;7.67;;;;;;;;
45-54;female;3440;3814;1.11;3;23.84;71.52;18.75196644;73;0.980;1.914;1.32;0.078657577;120;0.596;3.15;2;43;1616;5;94.76;13;5.50;;;;;;;;
65+;female;1344;2090;1.56;4;17.29;69.16;33.09090909;67;1.032;3.206;1.69;0.19138756;105;0.659;5.02;2;15;952;5;117.18;16;4.32;;;;;;;;
35-44;female;4564;4584;1.00;4;17.20;68.78;15.00501206;78;0.882;1.702;1.96;0.087260035;121;0.568;2.64;3;23;1795;11;134.68;13;5.29;;;;;;;;
25-34;female;5056;5376;1.06;;;67.40;12.53774472;70;0.963;1.302;;;136;0.496;2.53;4;16;1864;14;;10;6.74;;;;;;;;
25-34;female;5785;5801;1.00;4;16.54;66.16;11.40493018;86;0.769;1.483;1.88;0.068953629;131;0.505;2.26;4;30;2414;16;124.68;18;3.68;;;;;;;;
45-54;female;3102;3102;1.00;5;13.20;65.98;21.27069953;73;0.904;2.353;2.49;0.161186331;114;0.579;3.68;2;23;1339;7;164.6;24;2.75;;;;;;;;
65+;female;1248;1833;1.47;2;32.98;65.95;35.97926896;33;1.998;1.800;0.91;0.109110747;59;1.118;3.22;1;9;881;6;59.84;15;4.40;;;;;;;;
55-64;female;2272;2337;1.03;4;16.17;64.69;27.68078733;73;0.886;3.124;2.16;0.171159606;97;0.667;4.15;;9;1578;4;139.68;18;3.59;;;;;;;;
55-64;female;2016;2657;1.32;2;31.93;63.86;24.03462552;66;0.968;2.484;1.17;0.075272864;115;0.555;4.33;3;27;1366;6;74.84;6;10.64;;;;;;;;
35-44;female;4833;4862;1.01;2;31.68;63.36;13.03167421;52;1.218;1.070;0.94;0.041135335;86;0.737;1.77;1;22;2140;18;59.84;4;15.84;;;;;;;;
55-64;female;1960;2217;1.13;5;11.88;59.39;26.78717414;62;0.958;2.797;2.52;0.225529995;77;0.771;3.47;;9;1488;1;149.6;11;5.40;;;;;;;;
45-54;female;2404;2537;1.06;1;59.06;59.06;23.27946393;47;1.257;1.853;0.51;0.039416634;68;0.869;2.68;4;18;1186;1;29.92;9;6.56;;;;;;;;
18-24;female;4960;5684;1.15;1;58.91;58.91;10.36418015;46;1.281;0.809;0.59;0.017593244;66;0.893;1.16;;10;1842;6;34.92;5;11.78;;;;;;;;
25-34;female;4500;4691;1.04;2;28.85;57.70;12.30014922;69;0.836;1.471;1.30;0.042634833;116;0.497;2.47;3;16;1699;10;74.84;19;3.04;;;;;;;;
18-24;female;4752;5085;1.07;;;57.62;11.33136676;40;1.441;0.787;;;61;0.945;1.20;2;16;1752;12;;6;9.60;;;;;;;;
35-44;female;3756;3903;1.04;2;28.75;57.50;14.73225724;58;0.991;1.486;1.13;0.051242634;108;0.532;2.77;3;16;1544;6;64.84;10;5.75;;;;;;;;
18-24;female;4776;5039;1.06;2;26.51;53.01;10.51994443;34;1.559;0.675;1.32;0.039690415;43;1.233;0.85;;20;1665;8;69.84;4;13.25;;;;;;;;
18-24;female;4871;4871;1.00;2;26.08;52.15;10.70622049;47;1.110;0.965;1.68;0.041059331;58;0.899;1.19;2;19;1614;8;87.84;10;5.22;;;;;;;;
18-24;female;4392;4762;1.08;2;24.85;49.69;10.43469131;42;1.183;0.882;1.41;0.04199916;60;0.828;1.26;;12;1538;1;69.84;6;8.28;;;;;;;;
65+;female;1344;1541;1.15;1;45.72;45.72;29.66904607;30;1.524;1.947;2.21;0.064892927;51;0.896;3.31;1;4;946;4;100.87;3;15.24;;;;;;;;
55-64;male;1184;1399;1.18;3;14.84;44.53;31.82987848;37;1.204;2.645;2.02;0.214438885;66;0.675;4.72;;10;768;;89.76;7;6.36;;;;;;;;
65+;female;1296;1658;1.28;2;21.94;43.87;26.45958987;34;1.290;2.051;1.59;0.120627262;51;0.860;3.08;1;7;971;1;69.84;3;14.62;;;;;;;;
65+;female;1264;1626;1.29;1;42.74;42.74;26.28536285;41;1.042;2.522;0.82;0.061500615;74;0.578;4.55;2;15;669;3;34.92;5;8.55;;;;;;;;
18-24;female;4144;4855;1.17;8;5.34;42.73;8.80123584;48;0.890;0.989;6.54;0.164778579;103;0.415;2.12;4;24;1527;5;279.36;16;2.67;;;;;;;;
18-24;female;4976;5045;1.01;1;42.63;42.63;8.44954709;53;0.804;1.051;0.70;0.019821606;76;0.561;1.51;;28;1969;20;29.92;3;14.21;;;;;;;;
18-24;female;3912;3932;1.01;1;42.45;42.45;10.79603255;45;0.943;1.144;0.82;0.02543235;70;0.606;1.78;;12;1350;5;34.92;8;5.31;;;;;;;;
55-64;female;1609;1609;1.00;2;21.06;42.11;26.17153511;33;1.276;2.051;1.66;0.124300808;47;0.896;2.92;;5;1059;4;69.84;4;10.53;;;;;;;;
45-54;male;1792;2389;1.33;2;20.92;41.83;17.50941817;48;0.871;2.009;1.43;0.083717036;74;0.565;3.10;1;14;1223;11;59.84;3;13.94;;;;;;;;
35-44;male;3456;4584;1.33;2;20.81;41.63;9.08151907;73;0.570;1.592;1.56;0.043630017;174;0.239;3.80;13;23;2224;13;64.84;9;4.63;;;;;;;;
65+;female;1232;1273;1.03;4;10.27;41.08;32.27022781;30;1.369;2.357;3.40;0.314218382;48;0.856;3.77;2;9;695;;139.68;8;5.14;;;;;;;;
35-44;male;2592;3514;1.36;4;10.22;40.88;11.63346614;51;0.802;1.451;3.78;0.113830393;106;0.386;3.02;4;33;1710;28;154.68;11;3.72;;;;;;;;
25-34;male;3360;3859;1.15;3;13.50;40.49;10.49235553;78;0.519;2.021;2.78;0.077740347;133;0.304;3.45;8;25;1703;27;112.76;10;4.05;;;;;;;;
25-34;female;3517;3654;1.04;;;40.41;11.05994638;38;1.064;1.040;;;82;0.493;2.24;;9;1322;9;;8;5.05;;;;;;;;
45-54;female;1940;1976;1.02;2;19.89;39.77;20.12738886;36;1.105;1.822;1.50;0.101214575;63;0.631;3.19;2;19;874;6;59.84;5;7.95;;;;;;;;
25-34;male;2288;2937;1.28;5;7.94;39.69;13.51359847;57;0.696;1.941;3.90;0.170241743;133;0.298;4.53;6;16;1280;11;154.6;5;7.94;;;;;;;;
35-44;female;2715;2731;1.01;2;19.79;39.58;14.4939515;45;0.880;1.648;1.51;0.073233248;75;0.528;2.75;;8;1021;5;59.84;10;3.96;;;;;;;;
65+;female;1200;1318;1.10;2;19.34;38.68;29.34749621;19;2.036;1.442;1.81;0.151745068;33;1.172;2.50;;3;787;1;69.84;3;12.89;;;;;;;;
65+;female;1136;1284;1.13;2;19.20;38.40;29.90654206;24;1.600;1.869;2.68;0.15576324;38;1.011;2.96;1;4;741;1;102.84;7;5.49;;;;;;;;
65+;female;1128;1212;1.07;2;19.10;38.19;31.50990099;34;1.123;2.805;1.83;0.165016502;49;0.779;4.04;;5;695;2;69.84;6;6.37;;;;;;;;
55-64;female;1104;1315;1.19;3;12.50;37.50;28.51711027;42;0.893;3.194;3.01;0.228136882;66;0.568;5.02;;6;672;2;112.76;9;4.17;;;;;;;;
18-24;female;3945;3945;1.00;3;12.32;36.96;9.36882129;29;1.274;0.735;2.56;0.076045627;64;0.578;1.62;2;12;1234;4;94.76;12;3.08;;;;;;;;
45-54;female;2000;2087;1.04;2;18.06;36.12;17.30713943;36;1.003;1.725;1.66;0.095831337;48;0.753;2.30;;12;1037;6;59.84;8;4.52;;;;;;;;
45-54;female;1588;1603;1.01;1;35.48;35.48;22.13349969;32;1.109;1.996;0.84;0.062383032;56;0.634;3.49;1;15;730;6;29.92;2;17.74;;;;;;;;
18-24;female;3248;4614;1.42;1;35.13;35.13;7.61378414;41;0.857;0.889;0.99;0.021673169;93;0.378;2.02;3;31;1510;13;34.92;8;4.39;;;;;;;;
18-24;female;3688;4774;1.29;3;11.61;34.82;7.29367407;50;0.696;1.047;2.58;0.062840385;101;0.345;2.12;1;13;1437;8;89.76;12;2.90;;;;;;;;
35-44;male;1752;2260;1.29;1;33.15;33.15;14.66793416;44;0.753;1.947;0.90;0.044247788;94;0.353;4.16;5;16;1085;5;29.92;3;11.05;;;;;;;;
45-54;male;2240;2904;1.30;2;16.44;32.89;11.32567144;40;0.822;1.377;1.82;0.068870523;100;0.329;3.44;3;17;1544;8;59.84;4;8.22;;;;;;;;
55-64;female;1072;1170;1.09;2;16.29;32.57;27.83760684;33;0.987;2.821;1.84;0.170940171;51;0.639;4.36;2;9;621;5;59.84;12;2.71;;;;;;;;
45-54;male;1176;1523;1.30;1;31.64;31.64;20.77449282;38;0.833;2.495;0.95;0.065659882;71;0.446;4.66;3;7;785;4;29.92;2;15.82;;;;;;;;
55-64;female;1003;1003;1.00;1;31.41;31.41;31.31686344;23;1.366;2.293;1.43;0.099700897;37;0.849;3.69;;5;457;1;44.92;4;7.85;;;;;;;;
18-24;female;1856;2592;1.40;1;28.54;28.54;11.01064676;26;1.098;1.003;1.05;0.038580247;68;0.420;2.62;1;5;745;3;29.92;2;14.27;;;;;;;;
18-24;female;3232;3463;1.07;1;28.41;28.41;8.20408209;37;0.768;1.068;1.05;0.028876697;75;0.379;2.17;1;14;1114;6;29.92;3;9.47;;;;;;;;
25-34;female;2294;2313;1.01;;;27.65;11.95417207;30;0.922;1.297;;;62;0.446;2.68;3;6;882;7;;8;3.46;;;;;;;;
35-44;male;2336;2735;1.17;7;3.87;27.10;9.90859232;39;0.695;1.426;7.91;0.255941499;71;0.382;2.60;1;28;1296;22;214.44;9;3.01;;;;;;;;
55-64;male;672;906;1.35;4;6.74;26.97;29.76853586;33;0.817;3.642;4.99;0.441501104;54;0.499;5.96;;5;464;2;134.68;7;3.85;;;;;;;;
18-24;female;2897;2897;1.00;1;26.69;26.69;9.21297894;28;0.953;0.967;1.12;0.034518467;58;0.460;2.00;;16;975;2;29.92;2;13.35;;;;;;;;
18-24;female;2747;2747;1.00;1;26.39;26.39;9.60684383;27;0.977;0.983;1.13;0.036403349;40;0.660;1.46;1;7;944;6;29.92;4;6.60;;;;;;;;
35-44;male;1792;2479;1.38;1;26.21;26.21;10.57277624;44;0.596;1.775;1.33;0.040338846;92;0.285;3.71;3;14;1052;9;34.92;3;8.74;;;;;;;;
65+;female;664;791;1.19;;;26.09;32.98356511;6;4.348;0.759;;;17;1.535;2.15;1;2;489;2;;;;;;;;;;;
18-24;female;2540;2540;1.00;;;25.89;10.19291339;17;1.523;0.669;;;26;0.996;1.02;1;7;847;3;;4;6.47;;;;;;;;
55-64;female;840;1001;1.19;;;25.80;25.77422577;19;1.358;1.898;;;26;0.992;2.60;;1;440;;;2;12.90;;;;;;;;
55-64;female;820;895;1.09;3;8.57;25.72;28.73743017;22;1.169;2.458;3.49;0.335195531;37;0.695;4.13;1;6;458;2;89.76;7;3.67;;;;;;;;
18-24;female;2108;2205;1.05;1;24.81;24.81;11.25170068;15;1.654;0.680;1.41;0.045351474;28;0.886;1.27;3;2;767;2;34.92;4;6.20;;;;;;;;
35-44;male;1600;1952;1.22;1;24.58;24.58;12.59235015;37;0.664;1.895;1.22;0.051229508;81;0.303;4.15;2;9;839;2;29.92;3;8.19;;;;;;;;
45-54;male;1440;1541;1.07;1;23.56;23.56;15.28872237;22;1.071;1.428;1.27;0.064892927;50;0.471;3.24;1;9;689;1;29.92;4;5.89;;;;;;;;
35-44;male;1232;1696;1.38;2;11.71;23.42;13.80896226;31;0.755;1.828;2.56;0.117924528;64;0.366;3.77;3;13;828;4;59.84;6;3.90;;;;;;;;
35-44;female;1664;1676;1.01;1;23.18;23.18;13.83054893;22;1.054;1.313;1.29;0.059665871;42;0.552;2.51;1;7;622;;29.92;5;4.64;;;;;;;;
45-54;male;1056;1495;1.42;;;23.16;15.49180738;24;0.965;1.605;;;51;0.454;3.41;3;9;664;5;;2;11.58;;;;;;;;
25-34;male;2144;2738;1.28;;;23.06;8.42214194;55;0.419;2.009;;;97;0.238;3.54;4;13;1172;10;;3;7.69;;;;;;;;
65+;female;816;911;1.12;;;22.85;25.08112983;22;1.039;2.415;;;31;0.737;3.40;;2;529;2;;2;11.42;;;;;;;;
45-54;male;1712;1998;1.17;1;22.14;22.14;11.08108108;24;0.923;1.201;1.58;0.05005005;42;0.527;2.10;1;12;968;5;34.92;2;11.07;;;;;;;;
45-54;female;968;992;1.02;;;21.29;21.46331025;19;1.121;1.915;;;34;0.626;3.43;3;7;433;2;;2;10.65;;;;;;;;
45-54;male;1008;1320;1.31;2;10.56;21.12;16;28;0.754;2.121;3.07;0.151515152;62;0.341;4.70;3;10;647;8;64.84;3;7.04;;;;;;;;
65+;female;1024;1031;1.01;;;20.82;20.19398642;21;0.991;2.037;;;42;0.496;4.07;2;14;498;1;;1;20.82;;;;;;;;
55-64;male;528;749;1.42;;;20.78;27.74326587;17;1.222;2.270;;;30;0.693;4.01;;5;375;1;;3;6.93;;;;;;;;
65+;male;646;646;1.00;1;20.77;20.77;32.15170279;20;1.039;3.096;1.44;0.154798762;35;0.593;5.42;;5;361;3;29.92;2;10.39;;;;;;;;
25-34;male;1632;2131;1.31;3;6.63;19.89;9.33364618;48;0.414;2.252;4.76;0.140778977;74;0.269;3.47;2;18;943;19;94.76;7;2.84;;;;;;;;
25-34;male;1440;2069;1.44;2;9.70;19.40;9.37647902;29;0.669;1.402;3.08;0.096665056;74;0.262;3.58;1;11;873;7;59.84;8;2.42;;;;;;;;
55-64;male;896;1217;1.36;2;9.38;18.76;15.41483758;27;0.695;2.219;3.19;0.164338537;49;0.383;4.03;1;12;681;4;59.84;3;6.25;;;;;;;;
55-64;male;576;649;1.13;1;18.60;18.60;28.65947612;9;2.067;1.387;1.61;0.154083205;21;0.886;3.24;1;7;297;2;29.92;2;9.30;;;;;;;;
55-64;female;696;805;1.16;;;18.00;22.36024845;14;1.286;1.739;;;27;0.667;3.35;1;6;362;3;;2;9.00;;;;;;;;
25-34;male;1312;1431;1.09;;;17.89;12.50188308;23;0.778;1.607;;;44;0.407;3.07;2;2;508;3;;2;8.95;;;;;;;;
65+;female;552;632;1.14;1;16.66;16.66;26.36075949;15;1.111;2.373;2.10;0.158227848;22;0.757;3.48;;;441;1;34.92;3;5.55;;;;;;;;
25-34;male;880;1472;1.67;1;16.46;16.46;11.18206522;21;0.784;1.427;1.82;0.067934783;50;0.329;3.40;2;11;636;5;29.92;8;2.06;;;;;;;;
65+;male;368;464;1.26;2;8.13;16.26;35.04260788;17;0.956;3.664;4.60;0.431034483;31;0.525;6.68;;1;270;2;74.84;2;8.13;;;;;;;;
18-24;female;2212;2328;1.05;1;16.16;16.16;6.94158076;24;0.673;1.031;1.85;0.042955326;28;0.577;1.20;;19;945;9;29.92;7;2.31;;;;;;;;
55-64;male;544;776;1.43;;;15.95;20.55405494;14;1.139;1.804;;;35;0.456;4.51;2;7;373;4;;;;;;;;;;;
18-24;female;1624;1710;1.05;;;15.56;9.09980883;18;0.864;1.053;;;40;0.389;2.34;1;7;586;6;;1;15.56;;;;;;;;
55-64;female;619;619;1.00;1;15.56;15.56;25.13731826;19;0.819;3.069;1.92;0.161550889;28;0.556;4.52;;3;364;2;29.92;4;3.89;;;;;;;;
55-64;male;720;1002;1.39;1;15.55;15.55;15.51896208;21;0.740;2.096;2.89;0.099800399;36;0.432;3.59;;3;516;5;44.92;2;7.78;;;;;;;;
55-64;female;552;590;1.07;3;4.95;14.86;25.1875302;21;0.708;3.559;7.05;0.508474576;30;0.495;5.08;;4;305;2;104.76;5;2.97;;;;;;;;
65+;female;488;490;1.00;;;14.72;30.04081633;13;1.132;2.653;;;19;0.775;3.88;1;3;222;;;;;;;;;;;;
35-44;male;1488;1530;1.03;;;14.57;9.52287582;21;0.694;1.373;;;44;0.331;2.88;1;27;759;13;;1;14.57;;;;;;;;
18-24;male;992;1210;1.22;;;14.44;11.93371553;26;0.555;2.149;;;50;0.289;4.13;2;1;471;4;;11;1.31;;;;;;;;
18-24;female;1547;1547;1.00;;;13.70;8.85585003;22;0.623;1.422;;;49;0.280;3.17;;4;566;1;;1;13.70;;;;;;;;
35-44;male;1272;1361;1.07;;;12.78;9.38970607;14;0.913;1.029;;;18;0.710;1.32;;1;676;6;;8;1.60;;;;;;;;
45-54;unknown;576;717;1.24;;;12.64;17.62900976;11;1.149;1.534;;;21;0.602;2.93;;4;351;6;;;;;;;;;;;
55-64;female;468;515;1.10;2;6.31;12.62;24.50485437;16;0.789;3.107;4.74;0.388349515;23;0.549;4.47;;3;248;;59.84;2;6.31;;;;;;;;
25-34;male;1168;1316;1.13;1;12.55;12.55;9.53647416;17;0.738;1.292;2.78;0.075987842;34;0.369;2.58;2;14;589;10;34.92;1;12.55;;;;;;;;
35-44;unknown;960;982;1.02;1;12.38;12.38;12.60692464;19;0.652;1.935;2.82;0.101832994;36;0.344;3.67;1;5;440;7;34.92;2;6.19;;;;;;;;
45-54;female;612;612;1.00;;;12.34;20.16339869;8;1.543;1.307;;;20;0.617;3.27;2;4;258;4;;1;12.34;;;;;;;;
35-44;male;1040;1196;1.15;2;5.97;11.93;9.97491639;22;0.542;1.839;5.02;0.16722408;38;0.314;3.18;;4;509;3;59.84;6;1.99;;;;;;;;
65+;female;472;543;1.15;;;11.76;21.65745856;10;1.176;1.842;;;20;0.588;3.68;1;4;232;4;;;;;;;;;;;
65+;male;32;385;12.03;;;11.27;29.27304582;6;1.878;1.558;;;15;0.751;3.90;2;3;188;;;;;;;;;;;;
65+;female;344;401;1.17;;;10.88;27.13216958;13;0.837;3.242;;;14;0.777;3.49;;;173;1;;1;10.88;;;;;;;;
45-54;male;560;892;1.59;;;10.84;12.15246637;9;1.204;1.009;;;21;0.516;2.35;2;1;404;3;;;;;;;;;;;
65+;female;389;389;1.00;;;10.28;26.42673522;8;1.285;2.057;;;12;0.857;3.08;;1;203;1;;2;5.14;;;;;;;;
65+;male;192;340;1.77;2;5.04;10.08;29.64695963;4;2.520;1.176;5.94;0.588235294;8;1.260;2.35;;3;160;1;59.84;4;2.52;;;;;;;;
18-24;female;1108;1108;1.00;;;10.00;9.02595063;12;0.833;1.083;;;23;0.435;2.08;;5;384;1;;;;;;;;;;;
35-44;unknown;352;647;1.84;1;9.85;9.85;15.22427695;12;0.821;1.855;3.04;0.154559505;33;0.298;5.10;1;1;238;;29.92;2;4.93;;;;;;;;
25-34;male;1344;1516;1.13;;;9.74;6.42449543;15;0.649;0.989;;;18;0.541;1.19;;3;668;7;;5;1.95;;;;;;;;
18-24;male;864;948;1.10;1;9.64;9.64;10.16877637;11;0.876;1.160;3.62;0.105485232;21;0.459;2.22;;5;377;3;34.92;2;4.82;;;;;;;;
55-64;male;480;533;1.11;;;9.62;18.04878049;10;0.962;1.876;;;18;0.534;3.38;;4;259;1;;;;;;;;;;;
65+;female;398;398;1.00;1;9.45;9.45;23.74371859;12;0.788;3.015;3.17;0.251256281;22;0.430;5.53;;2;212;1;29.92;1;9.45;;;;;;;;
55-64;unknown;352;360;1.02;;;9.02;25.05555556;7;1.289;1.944;;;15;0.601;4.17;;2;179;4;;;;;;;;;;;
65+;female;389;389;1.00;1;9.01;9.01;23.162554;15;0.601;3.856;3.32;0.257069409;21;0.429;5.40;;3;190;1;29.92;3;3.00;;;;;;;;
35-44;unknown;544;1099;2.02;2;4.49;8.99;8.18010158;20;0.449;1.820;6.66;0.181983621;47;0.191;4.28;;2;460;5;59.84;1;8.99;;;;;;;;
25-34;male;740;740;1.00;;;8.53;11.52702703;10;0.853;1.351;;;14;0.609;1.89;;3;317;4;;1;8.53;;;;;;;;
45-54;male;704;738;1.05;;;8.52;11.54416437;10;0.852;1.355;;;13;0.655;1.76;;2;439;4;;2;4.26;;;;;;;;
45-54;unknown;448;523;1.17;;;8.44;16.13784292;9;0.938;1.721;;;21;0.402;4.02;;2;220;;;3;2.81;;;;;;;;
35-44;male;704;852;1.21;1;8.40;8.40;9.85915493;15;0.560;1.761;3.56;0.117370892;27;0.311;3.17;;6;419;5;29.92;4;2.10;;;;;;;;
65+;male;256;292;1.14;1;8.30;8.30;28.42465753;6;1.383;2.055;5.41;0.342465753;15;0.553;5.14;;1;146;1;44.92;5;1.66;;;;;;;;
25-34;male;792;822;1.04;1;8.26;8.26;10.0486618;16;0.516;1.946;3.62;0.121654501;30;0.275;3.65;3;6;378;7;29.92;2;4.13;;;;;;;;
45-54;unknown;192;599;3.12;2;4.13;8.26;13.78954455;15;0.551;2.504;7.24;0.333889816;22;0.375;3.67;1;1;298;1;59.84;4;2.06;;;;;;;;
55-64;female;278;279;1.00;1;8.25;8.25;29.57211996;6;1.375;2.151;5.44;0.358422939;8;1.031;2.87;;;131;;44.92;1;8.25;;;;;;;;
35-44;male;696;696;1.00;1;7.89;7.89;11.3362069;14;0.564;2.011;3.79;0.143678161;20;0.395;2.87;;6;353;4;29.92;3;2.63;;;;;;;;
45-54;male;448;682;1.52;;;7.89;11.56891496;8;0.986;1.173;;;20;0.395;2.93;;6;312;3;;;;;;;;;;;
35-44;male;512;640;1.25;;;7.74;12.09375;6;1.290;0.938;;;8;0.968;1.25;;3;325;5;;;;;;;;;;;
25-34;male;720;722;1.00;;;7.62;10.55401662;7;1.089;0.970;;;10;0.762;1.39;;;324;1;;;;;;;;;;;
25-34;male;672;843;1.25;;;7.47;8.86120996;9;0.830;1.068;;;24;0.311;2.85;;3;351;2;;;;;;;;;;;
35-44;male;608;677;1.11;;;7.47;11.03397341;11;0.679;1.625;;;18;0.415;2.66;1;1;301;2;;2;3.74;;;;;;;;
35-44;male;585;585;1.00;;;7.43;12.7008547;1;7.430;0.171;;;2;3.715;0.34;1;;300;1;;;;;;;;;;;
35-44;male;632;650;1.03;;;7.14;10.98461538;7;1.020;1.077;;;11;0.649;1.69;1;3;325;1;;;;;;;;;;;
25-34;unknown;633;633;1.00;;;6.93;10.9478673;9;0.770;1.422;;;19;0.365;3.00;2;2;289;3;;3;2.31;;;;;;;;
65+;male;320;384;1.20;1;6.70;6.70;17.44791667;6;1.117;1.563;4.47;0.260416667;11;0.609;2.86;1;1;232;;29.92;2;3.35;;;;;;;;
45-54;male;353;353;1.00;1;6.58;6.58;18.64022663;9;0.731;2.550;4.55;0.283286119;16;0.411;4.53;;3;182;2;29.92;3;2.19;;;;;;;;
35-44;male;552;602;1.09;;;6.57;10.9139041;7;0.939;1.163;;;10;0.657;1.66;2;5;275;2;;;;;;;;;;;
55-64;unknown;0;192;0.00;;;6.57;34.2186355;15;0.438;7.813;;;21;0.313;10.94;;1;98;;;2;3.28;;;;;;;;
55-64;unknown;242;242;1.00;;;6.54;27.02508748;5;1.308;2.066;;;10;0.654;4.13;;1;113;;;1;6.54;;;;;;;;
25-34;male;692;692;1.00;1;6.51;6.51;9.40751445;10;0.651;1.445;5.36;0.144508671;14;0.465;2.02;1;;310;1;34.92;1;6.51;;;;;;;;
25-34;male;600;676;1.13;1;6.42;6.42;9.49704142;15;0.428;2.219;5.44;0.147928994;19;0.338;2.81;;2;336;3;34.92;5;1.28;;;;;;;;
25-34;male;703;703;1.00;;;6.27;8.91891892;10;0.627;1.422;;;13;0.482;1.85;;3;297;1;;;;;;;;;;;
35-44;male;512;551;1.08;;;6.11;11.08892922;4;1.528;0.726;;;5;1.222;0.91;;1;272;1;;;;;;;;;;;
65+;male;224;444;1.98;;;6.06;13.64854485;10;0.606;2.252;;;16;0.379;3.60;1;2;239;;;;;;;;;;;;
25-34;male;672;707;1.05;;;6.03;8.52899576;2;3.015;0.283;;;2;3.015;0.28;;2;332;3;;;;;;;;;;;
45-54;unknown;176;277;1.57;1;5.99;5.99;21.62424293;5;1.198;1.805;5.00;0.36101083;10;0.599;3.61;;2;124;;29.92;1;5.99;;;;;;;;
18-24;female;676;702;1.04;;;5.96;8.49002849;10;0.596;1.425;;;23;0.259;3.28;;2;217;2;;2;2.98;;;;;;;;
25-34;male;648;682;1.05;;;5.93;8.69524;9;0.659;1.320;;;13;0.456;1.91;;5;286;4;;;;;;;;;;;
35-44;male;380;408;1.07;1;5.89;5.89;14.436899;6;0.982;1.471;5.08;0.245098039;9;0.654;2.21;;3;180;1;29.92;1;5.89;;;;;;;;
35-44;unknown;542;542;1.00;;;5.72;10.55347022;7;0.817;1.292;;;18;0.318;3.32;;2;202;3;;;;;;;;;;;
65+;female;192;210;1.09;1;5.70;5.70;27.14285714;8;0.713;3.810;5.25;0.476190476;12;0.475;5.71;;1;112;2;29.92;2;2.85;;;;;;;;
25-34;male;596;596;1.00;;;5.61;9.41275168;7;0.801;1.174;;;11;0.510;1.85;;;266;2;;1;5.61;;;;;;;;
55-64;unknown;112;185;1.65;;;5.57;30.10768233;8;0.696;4.324;;;14;0.398;7.57;;1;99;1;;;;;;;;;;;
25-34;male;616;637;1.03;;;5.52;8.66562009;11;0.502;1.727;;;15;0.368;2.35;1;5;288;1;;1;5.52;;;;;;;;
35-44;male;551;551;1.00;;;5.47;9.92740472;7;0.781;1.270;;;7;0.781;1.27;;2;279;1;;1;5.47;;;;;;;;
18-24;male;384;745;1.94;;;5.35;7.18118403;14;0.382;1.879;;;22;0.243;2.95;1;4;284;3;;;;;;;;;;;
25-34;male;456;536;1.18;1;5.15;5.15;9.60820896;5;1.030;0.933;6.78;0.186567164;7;0.736;1.31;;2;264;;34.92;2;2.58;;;;;;;;
45-54;male;336;432;1.29;;;4.96;11.48148148;4;1.240;0.926;;;11;0.451;2.55;1;2;195;;;1;4.96;;;;;;;;
35-44;male;656;656;1.00;1;4.95;4.95;7.54573171;9;0.550;1.372;6.04;0.152439024;16;0.309;2.44;;6;327;2;29.92;2;2.48;;;;;;;;
35-44;male;500;509;1.02;;;4.95;9.72495088;6;0.825;1.179;;;10;0.495;1.96;;;255;;;;;;;;;;;;
25-34;male;414;414;1.00;2;2.46;4.91;11.85990338;6;0.818;1.449;14.22;0.483091787;6;0.818;1.45;;;199;1;69.84;2;2.46;;;;;;;;
55-64;female;176;183;1.04;;;4.90;26.77595628;4;1.225;2.186;;;6;0.817;3.28;1;2;87;;;;;;;;;;;;
18-24;male;368;443;1.20;;;4.88;11.01580135;8;0.610;1.806;;;12;0.407;2.71;;2;184;2;;;;;;;;;;;
65+;female;265;265;1.00;;;4.84;18.26415094;4;1.210;1.509;;;5;0.968;1.89;;2;127;;;2;2.42;;;;;;;;
35-44;male;357;357;1.00;;;4.81;13.47338936;12;0.401;3.361;;;17;0.283;4.76;2;3;179;1;;;;;;;;;;;
65+;male;80;219;2.74;;;4.79;21.87214612;6;0.798;2.740;;;10;0.479;4.57;;;98;;;1;4.79;;;;;;;;
25-34;male;331;331;1.00;;;4.70;14.20001001;5;0.940;1.511;;;11;0.427;3.32;1;3;152;4;;7;0.67;;;;;;;;
65+;female;212;227;1.07;;;4.69;20.6616867;5;0.938;2.203;;;7;0.670;3.08;;1;99;;;;;;;;;;;;
25-34;male;444;461;1.04;;;4.57;9.9132321;11;0.415;2.386;;;12;0.381;2.60;;1;233;8;;1;4.57;;;;;;;;
18-24;male;320;426;1.33;;;4.55;10.6808674;10;0.455;2.347;;;17;0.268;3.99;;1;168;;;1;4.55;;;;;;;;
45-54;unknown;256;307;1.20;;;4.53;14.75565095;5;0.906;1.629;;;9;0.503;2.93;;3;126;;;;;;;;;;;;
25-34;unknown;224;524;2.34;;;4.43;8.45413418;4;1.107;0.763;;;11;0.403;2.10;1;1;204;1;;1;4.43;;;;;;;;
55-64;male;283;283;1.00;;;4.39;15.51162702;4;1.097;1.413;;;5;0.878;1.77;;2;176;1;;;;;;;;;;;
45-54;male;328;375;1.14;;;4.37;11.65333333;4;1.093;1.067;;;8;0.546;2.13;;3;206;;;;;;;;;;;;
25-34;male;688;735;1.07;;;4.36;5.93197279;4;1.090;0.544;;;5;0.872;0.68;1;4;341;4;;;;;;;;;;;
18-24;male;288;462;1.60;1;4.33;4.33;9.37229437;5;0.866;1.082;6.91;0.216450216;11;0.394;2.38;2;4;189;2;29.92;1;4.33;;;;;;;;
65+;unknown;32;155;4.84;;;4.30;27.74193548;1;4.300;0.645;;;2;2.150;1.29;;;82;;;;;;;;;;;;
35-44;unknown;200;329;1.65;;;4.28;13.00893457;2;2.140;0.608;;;10;0.428;3.04;;;145;;;;;;;;;;;;
45-54;male;292;292;1.00;;;4.26;14.58941919;7;0.609;2.397;;;9;0.473;3.08;;2;149;1;;;;;;;;;;;
45-54;male;272;329;1.21;;;4.23;12.85714286;6;0.705;1.824;;;6;0.705;1.82;;1;194;;;;;;;;;;;;
18-24;male;552;698;1.26;;;4.22;6.04555668;7;0.603;1.003;;;9;0.469;1.29;;3;332;1;;1;4.22;;;;;;;;
35-44;unknown;192;302;1.57;;;4.15;13.74172185;4;1.038;1.325;;;11;0.377;3.64;1;2;133;2;;2;2.08;;;;;;;;
45-54;male;292;292;1.00;;;4.09;14.00684932;;;;;;0;;0.00;;;147;;;;;;;;;;;;
35-44;male;256;372;1.45;;;4.07;10.94086022;4;1.018;1.075;;;4;1.018;1.08;;1;181;;;1;4.07;;;;;;;;
35-44;unknown;240;300;1.25;;;4.03;13.43333333;10;0.403;3.333;;;23;0.175;7.67;1;2;118;2;;1;4.03;;;;;;;;
45-54;male;267;267;1.00;;;3.96;14.83146067;5;0.792;1.873;;;6;0.660;2.25;;1;148;1;;;;;;;;;;;
35-44;male;348;407;1.17;;;3.94;9.68058968;9;0.438;2.211;;;12;0.328;2.95;;1;228;4;;2;1.97;;;;;;;;
45-54;unknown;192;281;1.46;;;3.81;13.55871886;6;0.635;2.135;;;11;0.346;3.91;;;132;;;;;;;;;;;;
25-34;unknown;192;338;1.76;1;3.71;3.71;10.97633136;4;0.928;1.183;8.06;0.295857988;15;0.247;4.44;1;1;133;;29.92;2;1.86;;;;;;;;
25-34;unknown;64;337;5.27;1;3.69;3.69;10.94951826;5;0.738;1.484;8.11;0.296735905;11;0.335;3.26;;1;107;;29.92;4;0.92;;;;;;;;
45-54;male;192;242;1.26;;;3.63;15;5;0.726;2.066;;;9;0.403;3.72;;1;109;;;;;;;;;;;;
25-34;female;389;392;1.01;;;3.54;9.03061224;2;1.770;0.510;;;3;1.180;0.77;;3;132;;;2;1.77;;;;;;;;
35-44;unknown;256;305;1.19;;;3.46;11.3442623;4;0.865;1.311;;;8;0.433;2.62;;1;107;;;;;;;;;;;;
45-54;male;196;214;1.09;;;3.41;15.93526874;4;0.853;1.869;;;6;0.568;2.80;;4;110;2;;1;3.41;;;;;;;;
55-64;unknown;32;219;6.84;;;3.41;15.57065784;5;0.682;2.283;;;9;0.379;4.11;;1;124;;;;;;;;;;;;
25-34;unknown;160;211;1.32;2;1.67;3.35;15.87655273;4;0.837;1.896;17.86;0.947867299;8;0.419;3.79;;;79;1;59.84;2;1.67;;;;;;;;
35-44;male;329;329;1.00;;;3.32;10.09118541;5;0.664;1.520;;;4;0.830;1.22;;;150;1;;;;;;;;;;;
35-44;unknown;240;318;1.33;;;3.31;10.40880503;4;0.828;1.258;;;9;0.368;2.83;;;132;1;;;;;;;;;;;
55-64;unknown;96;130;1.35;;;3.29;25.30769231;2;1.645;1.538;;;2;1.645;1.54;;;54;;;;;;;;;;;;
45-54;unknown;112;206;1.84;1;3.22;3.22;15.63106796;7;0.460;3.398;9.29;0.485436893;12;0.268;5.83;1;2;103;;29.92;4;0.81;;;;;;;;
45-54;male;272;272;1.00;;;3.21;11.80147059;3;1.070;1.103;;;4;0.803;1.47;;;149;;;;;;;;;;;;
35-44;unknown;184;285;1.55;;;3.17;11.12280702;3;1.057;1.053;;;9;0.352;3.16;;1;104;1;;;;;;;;;;;
18-24;male;320;503;1.57;2;1.57;3.14;6.24249726;12;0.262;2.386;19.06;0.397614314;21;0.150;4.17;1;2;201;;59.84;2;1.57;;;;;;;;
35-44;female;297;300;1.01;;;3.06;10.2;4;0.765;1.333;;;5;0.612;1.67;;3;116;1;;1;3.06;;;;;;;;
55-64;male;136;144;1.06;;;3.04;21.11111111;2;1.520;1.389;;;4;0.760;2.78;;1;72;;;;;;;;;;;;
65+;unknown;96;137;1.43;;;3.03;22.117029;5;0.606;3.650;;;7;0.433;5.11;;1;57;;;;;;;;;;;;
45-54;male;293;293;1.00;;;3.03;10.34129693;1;3.030;0.341;;;5;0.606;1.71;;5;150;1;;;;;;;;;;;
55-64;male;210;210;1.00;;;3.02;14.38095238;3;1.007;1.429;;;4;0.755;1.90;;;86;1;;;;;;;;;;;
45-54;male;285;285;1.00;;;2.98;10.45614035;1;2.980;0.351;;;2;1.490;0.70;;1;150;1;;;;;;;;;;;
18-24;male;192;213;1.11;;;2.93;13.75586854;2;1.465;0.939;;;2;1.465;0.94;;;72;;;;;;;;;;;;
55-64;male;96;144;1.50;;;2.92;20.27777778;5;0.584;3.472;;;9;0.324;6.25;;;75;2;;;;;;;;;;;
65+;female;114;120;1.05;;;2.87;23.9184683;1;2.870;0.833;;;4;0.718;3.33;;;49;;;;;;;;;;;;
25-34;unknown;192;262;1.36;;;2.87;10.95419847;1;2.870;0.382;;;4;0.718;1.53;;;96;;;;;;;;;;;;
25-34;female;291;291;1.00;;;2.81;9.65635739;2;1.405;0.687;;;4;0.703;1.37;;1;125;1;;;;;;;;;;;
45-54;male;152;156;1.03;;;2.80;17.94871795;2;1.400;1.282;;;6;0.467;3.85;;1;79;;;;;;;;;;;;
45-54;male;280;284;1.01;;;2.73;9.61267606;3;0.910;1.056;;;4;0.683;1.41;;;160;;;;;;;;;;;;
55-64;male;132;132;1.00;;;2.71;20.5308351;4;0.678;3.030;;;4;0.678;3.03;;1;66;;;;;;;;;;;;
25-34;male;296;321;1.08;;;2.70;8.41121495;3;0.900;0.935;;;4;0.675;1.25;1;2;150;1;;;;;;;;;;;
35-44;male;275;275;1.00;;;2.68;9.74618867;4;0.670;1.455;;;8;0.335;2.91;;2;138;2;;;;;;;;;;;
35-44;male;192;297;1.55;;;2.67;8.98989899;1;2.670;0.337;;;3;0.890;1.01;;2;111;;;;;;;;;;;;
65+;unknown;88;92;1.05;;;2.65;28.80394048;2;1.325;2.174;;;3;0.883;3.26;;1;51;1;;1;2.65;;;;;;;;
55-64;male;136;174;1.28;;;2.60;14.94252874;1;2.600;0.575;;;2;1.300;1.15;;;90;1;;;;;;;;;;;
25-34;male;278;278;1.00;;;2.57;9.24530071;3;0.857;1.079;;;7;0.367;2.52;;2;127;1;;;;;;;;;;;
25-34;unknown;160;221;1.38;2;1.26;2.52;11.40271493;9;0.280;4.072;25.73;0.904977376;13;0.194;5.88;;1;89;1;64.84;3;0.84;;;;;;;;
55-64;unknown;32;77;2.41;1;2.50;2.50;32.46753247;2;1.250;2.597;11.97;1.298701299;5;0.500;6.49;;;38;;29.92;2;1.25;;;;;;;;
45-54;male;188;218;1.16;;;2.50;11.46788991;3;0.833;1.376;;;4;0.625;1.83;;;122;;;;;;;;;;;;
45-54;female;149;149;1.00;;;2.49;16.7114094;1;2.490;0.671;;;2;1.245;1.34;;3;67;;;;;;;;;;;;
18-24;male;184;248;1.35;;;2.41;9.71774194;3;0.803;1.210;;;4;0.603;1.61;1;1;124;2;;;;;;;;;;;
25-34;unknown;288;309;1.07;;;2.39;7.734712;2;1.195;0.647;;;13;0.184;4.21;;1;123;;;;;;;;;;;;
45-54;male;208;213;1.02;;;2.34;10.98591549;3;0.780;1.408;;;5;0.468;2.35;;;127;1;;;;;;;;;;;
65+;male;155;155;1.00;;;2.33;15.03154051;;;;;;0;;0.00;;;89;;;;;;;;;;;;
18-24;male;144;268;1.86;;;2.32;8.65671642;4;0.580;1.493;;;9;0.258;3.36;;2;125;3;;;;;;;;;;;
35-44;unknown;112;139;1.24;;;2.31;16.61870504;;;;;;1;2.310;0.72;;;48;;;;;;;;;;;;
18-24;male;160;236;1.48;1;2.29;2.29;9.70338983;5;0.458;2.119;15.25;0.423728814;6;0.382;2.54;;1;126;1;34.92;2;1.15;;;;;;;;
18-24;male;184;242;1.32;;;2.27;9.38016529;4;0.568;1.653;;;5;0.454;2.07;;1;131;1;;;;;;;;;;;
18-24;male;256;292;1.14;;;2.24;7.67123288;1;2.240;0.342;;;3;0.747;1.03;;1;108;;;;;;;;;;;;
55-64;male;152;152;1.00;;;2.23;14.67105263;1;2.230;0.658;;;2;1.115;1.32;;;93;;;;;;;;;;;;
18-24;male;364;376;1.03;;;2.23;5.93085106;3;0.743;0.798;;;4;0.558;1.06;;2;178;1;;;;;;;;;;;
35-44;female;117;117;1.00;;;2.23;19.05982906;1;2.230;0.855;;;1;2.230;0.85;;1;41;;;;;;;;;;;;
45-54;unknown;96;150;1.56;;;2.16;14.4;;;;;;4;0.540;2.67;;1;68;2;;;;;;;;;;;
18-24;male;160;231;1.44;;;2.15;9.30735931;3;0.717;1.299;;;4;0.538;1.73;;1;92;1;;;;;;;;;;;
45-54;male;128;154;1.20;;;2.13;13.83116883;3;0.710;1.948;;;3;0.710;1.95;;;95;;;;;;;;;;;;
45-54;unknown;144;157;1.09;;;2.12;13.50318471;2;1.060;1.274;;;6;0.353;3.82;;1;62;;;;;;;;;;;;
55-64;male;75;75;1.00;;;2.12;28.26666667;2;1.060;2.667;;;2;1.060;2.67;;;37;;;1;2.12;;;;;;;;
55-64;male;112;130;1.16;;;2.07;15.92307692;;;;;;3;0.690;2.31;;;82;1;;;;;;;;;;;
35-44;female;112;113;1.01;1;2.02;2.02;17.87610619;4;0.505;3.540;17.29;0.884955752;5;0.404;4.42;;1;47;;34.92;3;0.67;;;;;;;;
55-64;male;136;144;1.06;;;1.99;13.81944444;4;0.498;2.778;;;7;0.284;4.86;;;78;1;;;;;;;;;;;
55-64;male;85;85;1.00;;;1.98;23.29512531;3;0.660;3.529;;;5;0.396;5.88;;;44;;;;;;;;;;;;
65+;unknown;96;106;1.10;;;1.96;18.49042542;1;1.960;0.943;;;5;0.392;4.72;;;51;;;;;;;;;;;;
55-64;unknown;40;43;1.08;;;1.95;45.34883721;2;0.975;4.651;;;3;0.650;6.98;;1;23;;;1;1.95;;;;;;;;
25-34;male;192;248;1.29;;;1.94;7.82258065;8;0.243;3.226;;;13;0.149;5.24;;1;108;;;;;;;;;;;;
25-34;female;213;213;1.00;;;1.92;9.01408451;1;1.920;0.469;;;2;0.960;0.94;;1;76;2;;1;1.92;;;;;;;;
25-34;unknown;160;191;1.19;;;1.88;9.84293194;8;0.235;4.188;;;13;0.145;6.81;;1;78;1;;;;;;;;;;;
65+;male;80;111;1.39;;;1.88;16.93693694;2;0.940;1.802;;;3;0.627;2.70;;;53;2;;;;;;;;;;;
65+;male;63;63;1.00;;;1.88;29.84126984;4;0.470;6.349;;;5;0.376;7.94;;;33;1;;1;1.88;;;;;;;;
55-64;male;92;106;1.15;;;1.87;17.64150943;1;1.870;0.943;;;2;0.935;1.89;;;73;;;;;;;;;;;;
55-64;male;84;92;1.10;;;1.85;20.10869565;3;0.617;3.261;;;3;0.617;3.26;;;54;;;;;;;;;;;;
65+;female;74;74;1.00;;;1.84;24.86486486;2;0.920;2.703;;;3;0.613;4.05;;;33;;;;;;;;;;;;
45-54;female;58;58;1.00;;;1.82;31.37931034;;;;;;0;;0.00;;;19;;;;;;;;;;;;
65+;unknown;32;79;2.47;1;1.82;1.82;23.03797468;4;0.455;5.063;16.44;1.265822785;7;0.260;8.86;;1;43;1;29.92;2;0.91;;;;;;;;
18-24;male;204;206;1.01;;;1.79;8.68932039;2;0.895;0.971;;;2;0.895;0.97;;;97;2;;;;;;;;;;;
18-24;male;208;222;1.07;;;1.78;8.01801802;3;0.593;1.351;;;7;0.254;3.15;;1;87;1;;;;;;;;;;;
35-44;unknown;135;135;1.00;1;1.77;1.77;13.11048526;4;0.442;2.963;16.90;0.740740741;6;0.295;4.44;;;64;1;29.92;1;1.77;;;;;;;;
45-54;male;115;115;1.00;;;1.73;15.04461148;1;1.730;0.870;;;4;0.433;3.48;1;;52;1;;;;;;;;;;;
18-24;male;96;241;2.51;;;1.73;7.17842324;3;0.577;1.245;;;3;0.577;1.24;;;113;;;;;;;;;;;;
18-24;male;160;231;1.44;;;1.70;7.35949808;5;0.340;2.165;;;6;0.283;2.60;;;91;1;;;;;;;;;;;
55-64;male;137;137;1.00;;;1.69;12.33576642;1;1.690;0.730;;;2;0.845;1.46;;;95;;;;;;;;;;;;
45-54;unknown;88;114;1.30;;;1.62;14.21052632;2;0.810;1.754;;;4;0.405;3.51;;;38;;;;;;;;;;;;
25-34;female;178;178;1.00;;;1.58;8.87640449;;;;;;0;;0.00;;;68;;;;;;;;;;;;
55-64;male;104;107;1.03;;;1.57;14.6728972;1;1.570;0.935;;;1;1.570;0.93;;;66;1;;;;;;;;;;;
65+;unknown;90;90;1.00;;;1.57;17.44438608;;;;;;1;1.570;1.11;;;23;;;;;;;;;;;;
18-24;male;209;209;1.00;;;1.53;7.32057416;3;0.510;1.435;;;6;0.255;2.87;;1;84;3;;;;;;;;;;;
25-34;unknown;80;192;2.40;;;1.50;7.8125;3;0.500;1.563;;;5;0.300;2.60;;;75;1;;;;;;;;;;;
25-34;male;126;126;1.00;;;1.45;11.50793651;3;0.483;2.381;;;6;0.242;4.76;;1;51;;;;;;;;;;;;
18-24;male;108;118;1.09;;;1.44;12.20391773;1;1.440;0.847;;;2;0.720;1.69;;;50;;;;;;;;;;;;
65+;unknown;32;45;1.41;;;1.44;32;1;1.440;2.222;;;2;0.720;4.44;;;22;;;;;;;;;;;;
55-64;unknown;64;89;1.39;;;1.43;16.06741573;1;1.430;1.124;;;3;0.477;3.37;;1;43;;;;;;;;;;;;
18-24;male;176;206;1.17;;;1.39;6.74757282;4;0.348;1.942;;;4;0.348;1.94;;1;104;1;;;;;;;;;;;
55-64;unknown;32;96;3.00;;;1.36;14.16666667;3;0.453;3.125;;;4;0.340;4.17;;;42;;;;;;;;;;;;
55-64;male;80;80;1.00;;;1.35;16.875;;;;;;1;1.350;1.25;;;62;;;;;;;;;;;;
35-44;unknown;112;117;1.04;;;1.34;11.45299145;1;1.340;0.855;;;1;1.340;0.85;;;46;;;;;;;;;;;;
45-54;unknown;52;52;1.00;1;1.34;1.34;25.76923077;2;0.670;3.846;22.33;1.923076923;3;0.447;5.77;;1;31;;29.92;1;1.34;;;;;;;;
18-24;male;123;123;1.00;;;1.32;10.73170732;;;;;;2;0.660;1.63;;;59;1;;;;;;;;;;;
65+;unknown;64;87;1.36;;;1.31;15.05747126;1;1.310;1.149;;;3;0.437;3.45;;1;29;;;;;;;;;;;;
25-34;female;140;140;1.00;;;1.31;9.35714286;;;;;;0;;0.00;;1;48;2;;;;;;;;;;;
65+;male;53;53;1.00;;;1.29;24.33962264;2;0.645;3.774;;;3;0.430;5.66;;;34;1;;;;;;;;;;;
35-44;male;130;140;1.08;;;1.28;9.14285714;;;;;;2;0.640;1.43;;1;66;1;;;;;;;;;;;
18-24;male;104;121;1.16;;;1.28;10.5785124;3;0.427;2.479;;;7;0.183;5.79;;;52;;;1;1.28;;;;;;;;
45-54;unknown;72;93;1.29;;;1.27;13.65591398;2;0.635;2.151;;;2;0.635;2.15;;;47;;;1;1.27;;;;;;;;
25-34;unknown;120;121;1.01;;;1.26;10.41272607;3;0.420;2.479;;;3;0.420;2.48;;1;53;1;;;;;;;;;;;
35-44;unknown;88;88;1.00;;;1.25;14.20491358;1;1.250;1.136;;;2;0.625;2.27;;;34;;;;;;;;;;;;
18-24;unknown;117;117;1.00;;;1.20;10.25641026;1;1.200;0.855;;;6;0.200;5.13;;;37;;;1;1.20;;;;;;;;
65+;male;56;65;1.16;;;1.18;18.15384615;;;;;;1;1.180;1.54;;;37;;;;;;;;;;;;
45-54;unknown;78;78;1.00;;;1.16;14.87108498;3;0.387;3.846;;;3;0.387;3.85;;1;46;;;;;;;;;;;;
55-64;female;30;30;1.00;;;1.11;37;1;1.110;3.333;;;1;1.110;3.33;;;13;;;;;;;;;;;;
25-34;unknown;90;90;1.00;;;1.10;12.22253897;1;1.100;1.111;;;3;0.367;3.33;;1;32;;;;;;;;;;;;
25-34;unknown;100;100;1.00;;;1.10;11;2;0.550;2.000;;;3;0.367;3.00;;2;43;1;;1;1.10;;;;;;;;
45-54;unknown;32;32;1.00;;;1.09;34.0625;;;;;;0;;0.00;;;10;;;;;;;;;;;;
18-24;unknown;134;134;1.00;;;1.08;8.0596402;4;0.270;2.985;;;7;0.154;5.22;;;55;;;;;;;;;;;;
55-64;male;109;109;1.00;;;1.06;9.72477064;2;0.530;1.835;;;4;0.265;3.67;;1;72;;;;;;;;;;;;
18-24;male;172;184;1.07;;;1.06;5.76086957;2;0.530;1.087;;;4;0.265;2.17;;;75;1;;;;;;;;;;;
18-24;female;112;112;1.00;;;1.05;9.375;2;0.525;1.786;;;3;0.350;2.68;;;35;;;2;0.53;;;;;;;;
25-34;unknown;32;88;2.75;;;1.05;11.93181818;3;0.350;3.409;;;4;0.263;4.55;;;35;;;;;;;;;;;;
65+;male;56;61;1.09;;;1.03;16.8852459;;;;;;0;;0.00;;;40;;;;;;;;;;;;
18-24;unknown;64;100;1.56;;;1.02;10.19996587;1;1.020;1.000;;;5;0.204;5.00;;;36;;;2;0.51;;;;;;;;
65+;male;39;39;1.00;;;1.01;25.8974359;1;1.010;2.564;;;1;1.010;2.56;;;24;;;;;;;;;;;;
55-64;male;32;32;1.00;;;0.99;30.9375;2;0.495;6.250;;;3;0.330;9.38;;;13;;;;;;;;;;;;
55-64;male;91;91;1.00;;;0.98;10.76923077;2;0.490;2.198;;;3;0.327;3.30;;;56;;;1;0.98;;;;;;;;
55-64;male;64;81;1.27;;;0.98;12.09876543;2;0.490;2.469;;;2;0.490;2.47;;;63;;;;;;;;;;;;
45-54;male;60;61;1.02;;;0.98;16.06557377;;;;;;1;0.980;1.64;;1;28;;;;;;;;;;;;
65+;male;65;65;1.00;;;0.96;14.76923077;3;0.320;4.615;;;5;0.192;7.69;;1;45;;;;;;;;;;;;
45-54;unknown;48;48;1.00;;;0.96;20;1;0.960;2.083;;;2;0.480;4.17;;;25;;;;;;;;;;;;
18-24;unknown;32;97;3.03;;;0.94;9.69072165;1;0.940;1.031;;;3;0.313;3.09;;;41;1;;;;;;;;;;;
65+;male;88;88;1.00;;;0.93;10.56818182;;;;;;0;;0.00;;1;62;;;;;;;;;;;;
25-34;female;122;122;1.00;;;0.93;7.62295082;1;0.930;0.820;;;2;0.465;1.64;;;45;1;;;;;;;;;;;
35-44;unknown;90;90;1.00;;;0.91;10.11111111;3;0.303;3.333;;;3;0.303;3.33;;;44;1;;;;;;;;;;;
18-24;unknown;64;85;1.33;;;0.89;10.47070218;1;0.890;1.176;;;4;0.223;4.71;;1;28;;;;;;;;;;;;
65+;male;52;53;1.02;;;0.89;16.79245283;1;0.890;1.887;;;0;;0.00;;;31;;;;;;;;;;;;
18-24;female;166;167;1.01;;;0.88;5.26946108;2;0.440;1.198;;;4;0.220;2.40;;;56;;;;;;;;;;;;
35-44;unknown;44;44;1.00;;;0.87;19.77272727;2;0.435;4.545;;;3;0.290;6.82;;;20;;;;;;;;;;;;
45-54;female;9;9;1.00;;;0.87;96.66666667;1;0.870;11.111;;;1;0.870;11.11;;;3;;;;;;;;;;;;
55-64;male;42;42;1.00;;;0.85;20.23961977;;;;;;0;;0.00;;;24;;;;;;;;;;;;
35-44;unknown;40;52;1.30;;;0.84;16.15384615;1;0.840;1.923;;;1;0.840;1.92;;;22;;;;;;;;;;;;
18-24;female;169;171;1.01;;;0.84;4.9122807;;;;;;1;0.840;0.58;;;48;;;;;;;;;;;;
65+;male;32;48;1.50;;;0.82;17.08377607;1;0.820;2.083;;;1;0.820;2.08;;;21;;;1;0.82;;;;;;;;
65+;male;78;78;1.00;;;0.82;10.51282051;;;;;;0;;0.00;;;44;;;;;;;;;;;;
25-34;unknown;68;68;1.00;;;0.79;11.61764706;;;;;;0;;0.00;;;23;;;;;;;;;;;;
25-34;female;81;82;1.01;1;0.79;0.79;9.63414634;2;0.395;2.439;44.20;1.219512195;2;0.395;2.44;;;34;;34.92;2;0.40;;;;;;;;
35-44;female;52;52;1.00;;;0.79;15.19230769;1;0.790;1.923;;;1;0.790;1.92;;;19;;;1;0.79;;;;;;;;
65+;male;40;41;1.03;;;0.78;19.0252132;2;0.390;4.878;;;3;0.260;7.32;;;20;;;;;;;;;;;;
65+;male;63;63;1.00;;;0.78;12.38095238;1;0.780;1.587;;;1;0.780;1.59;;;42;;;;;;;;;;;;
35-44;unknown;28;40;1.43;;;0.75;18.75;1;0.750;2.500;;;1;0.750;2.50;;;20;;;;;;;;;;;;
25-34;unknown;32;46;1.44;;;0.75;16.30434783;;;;;;0;;0.00;;;18;;;;;;;;;;;;
55-64;unknown;0;35;0.00;;;0.75;21.42754855;;;;;;0;;0.00;;;21;;;;;;;;;;;;
65+;male;40;59;1.48;;;0.74;12.54237288;2;0.370;3.390;;;5;0.148;8.47;1;;38;;;;;;;;;;;;
35-44;female;80;80;1.00;;;0.73;9.125;;;;;;0;;0.00;;;25;;;;;;;;;;;;
55-64;unknown;16;16;1.00;;;0.71;44.375;;;;;;0;;0.00;;;7;;;;;;;;;;;;
18-24;male;56;81;1.45;;;0.71;8.7654321;;;;;;1;0.710;1.23;;;33;2;;;;;;;;;;;
35-44;unknown;56;71;1.27;;;0.68;9.57746479;;;;;;1;0.680;1.41;;1;26;;;;;;;;;;;;
45-54;unknown;30;30;1.00;;;0.67;22.33429943;3;0.223;10.000;;;3;0.223;10.00;;;18;;;;;;;;;;;;
35-44;unknown;50;50;1.00;;;0.67;13.4;;;;;;0;;0.00;;;28;;;;;;;;;;;;
35-44;female;76;76;1.00;;;0.66;8.68421053;;;;;;0;;0.00;;1;28;;;;;;;;;;;;
65+;male;54;54;1.00;;;0.66;12.22222222;;;;;;0;;0.00;;;34;;;;;;;;;;;;
45-54;unknown;31;31;1.00;;;0.66;21.29032258;;;;;;0;;0.00;;;17;;;;;;;;;;;;
25-34;female;96;96;1.00;;;0.65;6.77083333;;;;;;2;0.325;2.08;1;;37;;;;;;;;;;;;
55-64;female;15;15;1.00;;;0.64;42.66666667;;;;;;0;;0.00;;;6;;;;;;;;;;;;
25-34;unknown;54;54;1.00;;;0.64;11.85185185;1;0.640;1.852;;;1;0.640;1.85;;;27;;;1;0.64;;;;;;;;
45-54;unknown;34;34;1.00;;;0.63;18.52989198;;;;;;0;;0.00;;;15;;;;;;;;;;;;
18-24;male;76;84;1.11;;;0.62;7.38150838;;;;;;0;;0.00;;1;28;;;;;;;;;;;;
55-64;unknown;14;14;1.00;;;0.62;44.28571429;;;;;;0;;0.00;;;10;;;;;;;;;;;;
35-44;unknown;44;44;1.00;;;0.62;14.09090909;1;0.620;2.273;;;1;0.620;2.27;;1;15;;;;;;;;;;;;
35-44;unknown;44;51;1.16;;;0.62;12.15686275;;;;;;1;0.620;1.96;;;19;;;;;;;;;;;;
35-44;female;45;45;1.00;;;0.62;13.77777778;;;;;;0;;0.00;;;10;;;;;;;;;;;;
45-54;unknown;16;20;1.25;;;0.61;30.5;;;;;;0;;0.00;;;12;;;;;;;;;;;;
25-34;female;67;67;1.00;;;0.60;8.95522388;;;;;;0;;0.00;;;12;;;;;;;;;;;;
65+;male;49;49;1.00;;;0.59;12.04081633;1;0.590;2.041;;;1;0.590;2.04;;;29;1;;;;;;;;;;;
18-24;unknown;16;59;3.69;;;0.59;10;;;;;;1;0.590;1.69;;;18;;;;;;;;;;;;
18-24;female;78;79;1.01;;;0.58;7.34177215;2;0.290;2.532;;;3;0.193;3.80;;1;28;;;;;;;;;;;;
65+;female;7;8;1.14;;;0.57;71.25;;;;;;0;;0.00;;;;;;;;;;;;;;;
65+;unknown;8;9;1.13;;;0.57;63.33333333;;;;;;1;0.570;11.11;;;7;;;;;;;;;;;;
25-34;unknown;39;39;1.00;;;0.57;14.61538462;;;;;;0;;0.00;;;14;;;;;;;;;;;;
35-44;unknown;35;35;1.00;;;0.56;16.00120527;1;0.560;2.857;;;1;0.560;2.86;;1;18;;;;;;;;;;;;
18-24;unknown;95;95;1.00;;;0.56;5.89473684;;;;;;0;;0.00;;;34;;;;;;;;;;;;
35-44;unknown;32;47;1.47;;;0.55;11.70212766;;;;;;1;0.550;2.13;;;17;;;;;;;;;;;;
65+;male;30;30;1.00;;;0.54;18;1;0.540;3.333;;;1;0.540;3.33;;;14;;;;;;;;;;;;
65+;male;42;42;1.00;;;0.52;12.38095238;1;0.520;2.381;;;2;0.260;4.76;;;30;;;;;;;;;;;;
18-24;female;88;89;1.01;;;0.51;5.73033708;;;;;;0;;0.00;;;23;;;;;;;;;;;;
25-34;unknown;29;29;1.00;;;0.51;17.5862069;;;;;;1;0.510;3.45;;;10;;;;;;;;;;;;
45-54;unknown;12;20;1.67;;;0.49;24.5;1;0.490;5.000;;;1;0.490;5.00;;;8;;;1;0.49;;;;;;;;
35-44;female;71;71;1.00;;;0.49;6.90140845;;;;;;1;0.490;1.41;;;25;;;;;;;;;;;;
45-54;female;29;29;1.00;;;0.49;16.89655172;1;0.490;3.448;;;1;0.490;3.45;;1;14;;;;;;;;;;;;
25-34;unknown;48;57;1.19;;;0.48;8.42105263;;;;;;0;;0.00;;;22;;;;;;;;;;;;
35-44;unknown;53;53;1.00;;;0.48;9.05660377;2;0.240;3.774;;;3;0.160;5.66;;;21;;;;;;;;;;;;
45-54;unknown;8;18;2.25;;;0.47;26.11111111;1;0.470;5.556;;;1;0.470;5.56;;;12;;;;;;;;;;;;
45-54;unknown;29;29;1.00;;;0.47;16.20689655;;;;;;0;;0.00;;;20;;;;;;;;;;;;
55-64;unknown;12;13;1.08;;;0.46;35.38461538;;;;;;0;;0.00;;;9;;;;;;;;;;;;
25-34;unknown;41;41;1.00;;;0.46;11.2195122;;;;;;0;;0.00;;;13;;;;;;;;;;;;
55-64;unknown;8;17;2.13;;;0.46;27.05882353;;;;;;0;;0.00;;;9;;;;;;;;;;;;
25-34;unknown;44;47;1.07;;;0.45;9.57446809;;;;;;0;;0.00;;1;19;1;;;;;;;;;;;
45-54;unknown;16;17;1.06;;;0.44;25.88235294;1;0.440;5.882;;;2;0.220;11.76;;1;8;;;;;;;;;;;;
18-24;unknown;8;40;5.00;;;0.44;10.99984444;1;0.440;2.500;;;2;0.220;5.00;;;17;;;;;;;;;;;;
25-34;unknown;30;30;1.00;;;0.43;14.33441306;;;;;;2;0.215;6.67;;2;17;1;;;;;;;;;;;
25-34;female;77;77;1.00;;;0.43;5.58441558;;;;;;0;;0.00;;2;28;1;;;;;;;;;;;
35-44;unknown;38;38;1.00;;;0.42;11.0531097;;;;;;0;;0.00;;;14;;;;;;;;;;;;
25-34;unknown;38;38;1.00;;;0.42;11.05263158;;;;;;0;;0.00;;;17;;;;;;;;;;;;
25-34;unknown;40;52;1.30;;;0.41;7.88461538;;;;;;0;;0.00;1;1;23;;;;;;;;;;;;
55-64;unknown;0;25;0.00;;;0.41;16.4;1;0.410;4.000;;;1;0.410;4.00;;;13;;;;;;;;;;;;
25-34;unknown;36;39;1.08;;;0.40;10.25685393;;;;;;0;;0.00;;;13;;;;;;;;;;;;
35-44;unknown;24;28;1.17;;;0.40;14.28571429;;;;;;0;;0.00;;;10;;;;;;;;;;;;
45-54;female;16;16;1.00;;;0.40;25;;;;;;0;;0.00;;;4;;;;;;;;;;;;
35-44;female;54;55;1.02;;;0.39;7.09090909;1;0.390;1.818;;;1;0.390;1.82;;1;19;;;;;;;;;;;;
45-54;female;24;24;1.00;;;0.39;16.25;1;0.390;4.167;;;1;0.390;4.17;;1;11;;;;;;;;;;;;
45-54;unknown;20;20;1.00;;;0.39;19.5;;;;;;1;0.390;5.00;;;9;1;;;;;;;;;;;
45-54;unknown;12;16;1.33;;;0.38;23.75178908;1;0.380;6.250;;;1;0.380;6.25;;;10;;;;;;;;;;;;
18-24;male;42;43;1.02;;;0.38;8.8372093;;;;;;0;;0.00;;;16;1;;;;;;;;;;;
25-34;unknown;35;35;1.00;;;0.38;10.85714286;;;;;;0;;0.00;;;16;;;;;;;;;;;;
45-54;unknown;16;27;1.69;;;0.37;13.7037037;;;;;;0;;0.00;;;15;;;;;;;;;;;;
55-64;unknown;8;14;1.75;;;0.36;25.71428571;;;;;;0;;0.00;;;8;;;;;;;;;;;;
35-44;female;35;35;1.00;;;0.36;10.28571429;1;0.360;2.857;;;1;0.360;2.86;;1;19;;;;;;;;;;;;
18-24;female;39;39;1.00;;;0.36;9.23076923;;;;;;0;;0.00;;;10;;;;;;;;;;;;
65+;unknown;20;20;1.00;;;0.36;17.99914078;1;0.360;5.000;;;2;0.180;10.00;;;13;;;;;;;;;;;;
18-24;unknown;40;65;1.63;;;0.36;5.53819716;2;0.180;3.077;;;2;0.180;3.08;;;23;;;1;0.36;;;;;;;;
55-64;unknown;10;10;1.00;;;0.35;35;;;;;;0;;0.00;;;6;;;;;;;;;;;;
18-24;unknown;25;25;1.00;;;0.34;13.60035246;1;0.340;4.000;;;2;0.170;8.00;;;12;;;;;;;;;;;;
45-54;unknown;12;18;1.50;;;0.34;18.88888889;;;;;;0;;0.00;;;10;;;;;;;;;;;;
65+;female;17;17;1.00;;;0.34;20;;;;;;0;;0.00;;;6;;;;;;;;;;;;
25-34;unknown;27;27;1.00;;;0.33;12.22222222;;;;;;0;;0.00;;;8;;;;;;;;;;;;
18-24;unknown;16;40;2.50;;;0.32;8;;;;;;0;;0.00;;;14;;;;;;;;;;;;
55-64;female;4;4;1.00;;;0.32;80;;;;;;0;;0.00;;;2;;;;;;;;;;;;
35-44;unknown;24;39;1.63;;;0.32;8.20512821;;;;;;0;;0.00;;;22;;;;;;;;;;;;
55-64;female;12;12;1.00;;;0.31;25.83333333;;;;;;0;;0.00;;;7;;;;;;;;;;;;
45-54;female;36;36;1.00;;;0.31;8.61111111;;;;;;0;;0.00;;;13;;;;;;;;;;;;
18-24;unknown;36;36;1.00;;;0.30;8.33333333;;;;;;2;0.150;5.56;;1;19;;;;;;;;;;;;
65+;male;22;22;1.00;;;0.28;12.72823147;1;0.280;4.545;;;2;0.140;9.09;;;15;;;;;;;;;;;;
55-64;unknown;0;12;0.00;;;0.28;23.33393804;;;;;;0;;0.00;;;4;;;;;;;;;;;;
55-64;unknown;19;19;1.00;;;0.28;14.73684211;;;;;;0;;0.00;;;13;;;;;;;;;;;;
55-64;unknown;4;8;2.00;;;0.27;33.75145996;;;;;;0;;0.00;;;2;;;;;;;;;;;;
25-34;unknown;18;24;1.33;;;0.27;11.25;1;0.270;4.167;;;3;0.090;12.50;;1;13;;;;;;;;;;;;
18-24;female;58;58;1.00;;;0.26;4.48275862;1;0.260;1.724;;;1;0.260;1.72;;;16;;;;;;;;;;;;
55-64;unknown;4;10;2.50;;;0.26;26;1;0.260;10.000;;;1;0.260;10.00;;;9;;;;;;;;;;;;
65+;unknown;5;5;1.00;;;0.26;52;;;;;;0;;0.00;;;3;;;;;;;;;;;;
65+;unknown;16;28;1.75;;;0.24;8.57142857;;;;;;1;0.240;3.57;;;10;;;;;;;;;;;;
35-44;male;11;11;1.00;;;0.24;21.81818182;;;;;;0;;0.00;;;7;1;;;;;;;;;;;
18-24;unknown;16;25;1.56;;;0.23;9.2;2;0.115;8.000;;;4;0.058;16.00;1;;18;;;;;;;;;;;;
18-24;female;58;58;1.00;;;0.23;3.96551724;;;;;;0;;0.00;;;17;;;;;;;;;;;;
18-24;unknown;19;19;1.00;;;0.22;11.57894737;;;;;;0;;0.00;;;9;;;;;;;;;;;;
35-44;unknown;25;25;1.00;;;0.22;8.8;;;;;;0;;0.00;;;16;;;;;;;;;;;;
45-54;unknown;0;25;0.00;;;0.22;8.8;1;0.220;4.000;;;1;0.220;4.00;;;15;;;;;;;;;;;;
55-64;female;11;11;1.00;;;0.22;20;;;;;;0;;0.00;;;3;;;;;;;;;;;;
65+;unknown;4;6;1.50;;;0.22;36.66666667;1;0.220;16.667;;;1;0.220;16.67;;;3;;;;;;;;;;;;
45-54;female;21;21;1.00;;;0.20;9.52380952;;;;;;0;;0.00;;1;10;;;;;;;;;;;;
45-54;male;7;7;1.00;;;0.20;28.57142857;1;0.200;14.286;;;1;0.200;14.29;;;6;;;;;;;;;;;;
45-54;female;17;17;1.00;;;0.19;11.17647059;;;;;;0;;0.00;;;7;;;;;;;;;;;;
25-34;male;12;12;1.00;;;0.18;15;;;;;;0;;0.00;;;5;;;;;;;;;;;;
65+;unknown;4;8;2.00;;;0.18;22.5;;;;;;0;;0.00;;;2;;;;;;;;;;;;
18-24;female;29;29;1.00;;;0.17;5.86206897;;;;;;1;0.170;3.45;;;9;;;;;;;;;;;;
65+;unknown;12;12;1.00;;;0.17;14.16666667;;;;;;0;;0.00;;;7;;;;;;;;;;;;
25-34;male;6;6;1.00;;;0.17;28.33333333;;;;;;0;;0.00;;;3;;;;;;;;;;;;
65+;unknown;17;17;1.00;;;0.16;9.41176471;;;;;;0;;0.00;;;8;;;;;;;;;;;;
18-24;unknown;0;18;0.00;;;0.16;8.88888889;;;;;;0;;0.00;;;7;;;;;;;;;;;;
55-64;unknown;7;7;1.00;;;0.16;22.85714286;;;;;;0;;0.00;;;4;;;;;;;;;;;;
65+;male;10;14;1.40;;;0.16;11.42857143;;;;;;0;;0.00;;;4;;;;;;;;;;;;
18-24;unknown;16;24;1.50;;;0.16;6.66666667;;;;;;0;;0.00;;;10;;;;;;;;;;;;
18-24;unknown;14;14;1.00;;;0.16;11.42857143;;;;;;0;;0.00;;;4;;;;;;;;;;;;
45-54;unknown;8;11;1.38;;;0.15;13.63636364;1;0.150;9.091;;;1;0.150;9.09;;;6;;;;;;;;;;;;
45-54;female;12;12;1.00;;;0.15;12.5;2;0.075;16.667;;;2;0.075;16.67;;;9;;;;;;;;;;;;
18-24;unknown;14;14;1.00;;;0.15;10.71428571;;;;;;0;;0.00;;;4;;;;;;;;;;;;
18-24;female;40;41;1.03;;;0.15;3.65853659;;;;;;0;;0.00;;1;11;;;;;;;;;;;;
65+;unknown;0;7;0.00;;;0.15;21.42857143;;;;;;0;;0.00;;;4;;;;;;;;;;;;
18-24;unknown;8;15;1.88;;;0.14;9.33333333;;;;;;0;;0.00;;;4;;;;;;;;;;;;
65+;unknown;8;8;1.00;;;0.14;17.5;;;;;;0;;0.00;;;4;;;;;;;;;;;;
18-24;unknown;0;14;0.00;;;0.14;10;;;;;;0;;0.00;;;6;;;;;;;;;;;;
55-64;unknown;7;7;1.00;;;0.14;20;;;;;;0;;0.00;;;6;;;;;;;;;;;;
55-64;unknown;4;6;1.50;;;0.13;21.66666667;;;;;;0;;0.00;;;5;;;;;;;;;;;;
25-34;female;14;14;1.00;;;0.13;9.28571429;;;;;;0;;0.00;;;5;;;;;;;;;;;;
65+;unknown;0;5;0.00;;;0.13;26;;;;;;0;;0.00;;;1;;;;;;;;;;;;
55-64;unknown;8;10;1.25;;;0.12;12;;;;;;0;;0.00;;;7;;;;;;;;;;;;
18-24;unknown;6;6;1.00;;;0.12;20;;;;;;0;;0.00;;;3;;;;;;;;;;;;
65+;female;2;2;1.00;;;0.12;60;;;;;;4;0.030;200.00;1;1;4;;;;;;;;;;;;
18-24;unknown;8;8;1.00;;;0.11;13.75103578;;;;;;1;0.110;12.50;;;5;;;;;;;;;;;;
18-24;unknown;16;16;1.00;;;0.11;6.8752974;;;;;;0;;0.00;;;5;;;;;;;;;;;;
65+;unknown;0;5;0.00;;;0.11;22;;;;;;0;;0.00;;;5;;;;;;;;;;;;
55-64;unknown;4;4;1.00;;;0.10;25.00188324;;;;;;0;;0.00;;;1;;;;;;;;;;;;
35-44;male;12;12;1.00;;;0.10;8.33333333;;;;;;0;;0.00;;;7;;;;;;;;;;;;
55-64;female;2;2;1.00;;;0.10;50;;;;;;0;;0.00;;;2;;;;;;;;;;;;
65+;unknown;6;6;1.00;;;0.09;15.00038874;;;;;;0;;0.00;;;3;;;;;;;;;;;;
25-34;male;4;4;1.00;;;0.09;22.5;;;;;;0;;0.00;;;2;;;;;;;;;;;;
35-44;unknown;7;7;1.00;;;0.08;11.42857143;;;;;;0;;0.00;;;1;;;;;;;;;;;;
18-24;female;21;21;1.00;;;0.08;3.80952381;;;;;;0;;0.00;;;7;;;;;;;;;;;;
55-64;unknown;0;9;0.00;;;0.08;8.88888889;;;;;;0;;0.00;;;8;;;;;;;;;;;;
18-24;unknown;8;9;1.13;;;0.07;7.77777778;;;;;;0;;0.00;;;5;;;;;;;;;;;;
18-24;unknown;16;22;1.38;;;0.07;3.18181818;;;;;;0;;0.00;;;2;;;;;;;;;;;;
65+;unknown;8;13;1.63;;;0.07;5.38461538;;;;;;0;;0.00;;;5;;;;;;;;;;;;
35-44;female;3;3;1.00;;;0.07;23.33333333;;;;;;0;;0.00;;;2;;;;;;;;;;;;
25-34;male;15;15;1.00;;;0.07;4.66666667;;;;;;0;;0.00;;;8;;;;;;;;;;;;
55-64;unknown;2;2;1.00;;;0.07;35;;;;;;0;;0.00;;;;;;;;;;;;;;;
18-24;unknown;5;5;1.00;;;0.06;12;;;;;;0;;0.00;;;1;;;;;;;;;;;;
18-24;unknown;0;8;0.00;;;0.06;7.5;;;;;;0;;0.00;;;2;;;;;;;;;;;;
35-44;male;5;5;1.00;;;0.06;12;;;;;;0;;0.00;;1;3;;;;;;;;;;;;
65+;unknown;0;8;0.00;;;0.05;6.25;;;;;;0;;0.00;;;3;;;;;;;;;;;;
65+;female;9;9;1.00;;;0.05;5.55555556;;;;;;0;;0.00;1;;7;;;;;;;;;;;;
25-34;male;8;8;1.00;;;0.05;6.25;;;;;;0;;0.00;;1;5;1;;;;;;;;;;;
45-54;unknown;4;4;1.00;;;0.05;12.5;;;;;;0;;0.00;;;2;;;;;;;;;;;;
65+;unknown;4;5;1.25;;;0.04;8.00060264;;;;;;0;;0.00;;;3;1;;;;;;;;;;;
65+;unknown;4;4;1.00;;;0.04;10.00043258;;;;;;0;;0.00;;;3;;;;;;;;;;;;
55-64;female;4;4;1.00;;;0.04;10;;;;;;0;;0.00;;;1;;;;;;;;;;;;
55-64;female;2;2;1.00;;;0.04;20;;;;;;0;;0.00;;;1;;;;;;;;;;;;
55-64;female;2;2;1.00;;;0.04;20;;;;;;0;;0.00;;;1;;;;;;;;;;;;
65+;unknown;3;3;1.00;;;0.04;13.33333333;;;;;;0;;0.00;;;1;;;;;;;;;;;;
65+;unknown;3;3;1.00;;;0.04;13.33333333;;;;;;0;;0.00;;;2;;;;;;;;;;;;
35-44;male;8;8;1.00;;;0.04;5;1;0.040;12.500;;;1;0.040;12.50;;;6;;;;;;;;;;;;
45-54;male;4;4;1.00;;;0.04;10;;;;;;0;;0.00;;;3;;;;;;;;;;;;
18-24;male;3;3;1.00;;;0.03;10;;;;;;0;;0.00;;;3;;;;;;;;;;;;
55-64;female;3;3;1.00;;;0.03;10;;;;;;0;;0.00;;;1;;;;;;;;;;;;
18-24;unknown;0;7;0.00;;;0.03;4.28571429;;;;;;0;;0.00;;;1;;;;;;;;;;;;
65+;unknown;0;5;0.00;;;0.03;6;;;;;;0;;0.00;;;4;;;;;;;;;;;;
65+;unknown;0;5;0.00;;;0.03;6;;;;;;0;;0.00;;;2;;;;;;;;;;;;
18-24;male;5;5;1.00;;;0.03;6;;;;;;0;;0.00;;;1;;;;;;;;;;;;
45-54;female;8;8;1.00;;;0.03;3.75;;;;;;0;;0.00;;;2;;;;;;;;;;;;
25-34;male;3;3;1.00;;;0.03;10;;;;;;0;;0.00;;;;;;;;;;;;;;;
55-64;unknown;1;1;1.00;;;0.03;30;;;;;;0;;0.00;;;1;;;;;;;;;;;;
35-44;male;2;2;1.00;;;0.03;15;;;;;;0;;0.00;;;;;;;;;;;;;;;
55-64;male;3;3;1.00;;;0.02;6.66666667;;;;;;0;;0.00;;;;;;;;;;;;;;;
35-44;male;2;2;1.00;;;0.02;10;;;;;;0;;0.00;;;1;;;;;;;;;;;;
18-24;male;6;6;1.00;;;0.02;3.33333333;;;;;;0;;0.00;;;4;;;;;;;;;;;;
25-34;male;5;5;1.00;;;0.02;4;;;;;;0;;0.00;;;2;;;;;;;;;;;;
25-34;unknown;2;2;1.00;;;0.02;10;;;;;;0;;0.00;;;;;;;;;;;;;;;
25-34;male;2;2;1.00;;;0.02;10;;;;;;0;;0.00;;;1;;;;;;;;;;;;
55-64;female;2;2;1.00;;;0.02;10;;;;;;0;;0.00;;;1;;;;;;;;;;;;
18-24;male;2;2;1.00;;;0.02;10;;;;;;0;;0.00;;;1;;;;;;;;;;;;
45-54;male;2;2;1.00;;;0.02;10;;;;;;0;;0.00;;;1;;;;;;;;;;;;
35-44;male;3;3;1.00;;;0.02;6.66666667;;;;;;0;;0.00;;;1;;;;;;;;;;;;
65+;female;5;5;1.00;;;0.02;4;;;;;;0;;0.00;;;;;;;;;;;;;;;
45-54;male;3;4;1.33;;;0.02;5;;;;;;0;;0.00;;;;;;;;;;;;;;;
35-44;unknown;3;3;1.00;;;0.02;6.66666667;;;;;;0;;0.00;;;;;;;;;;;;;;;
25-34;male;5;5;1.00;;;0.01;2;;;;;;0;;0.00;;;3;;;;;;;;;;;;
18-24;male;1;1;1.00;;;0.01;10;;;;;;0;;0.00;;;;;;;;;;;;;;;
18-24;male;4;4;1.00;;;0.01;2.5;;;;;;0;;0.00;;;1;;;;;;;;;;;;
45-54;male;2;2;1.00;;;0.01;5;;;;;;0;;0.00;;;1;;;;;;;;;;;;
65+;male;1;1;1.00;;;0.01;10;;;;;;0;;0.00;;;1;;;;;;;;;;;;
35-44;male;4;4;1.00;;;0.01;2.5;;;;;;0;;0.00;;;;;;;;;;;;;;;
55-64;male;1;1;1.00;;;0.01;10;;;;;;0;;0.00;;;;;;;;;;;;;;;
45-54;male;1;1;1.00;;;0.01;10;;;;;;0;;0.00;;;;;;;;;;;;;;;
18-24;male;1;1;1.00;;;0.01;10;;;;;;0;;0.00;;;;;;;;;;;;;;;
35-44;unknown;1;1;1.00;;;0.01;10;;;;;;0;;0.00;;;;;;;;;;;;;;;
65+;female;1;1;1.00;;;0.01;10;;;;;;0;;0.00;;;1;;;;;;;;;;;;
25-34;unknown;3;3;1.00;;;0.01;3.33333333;;;;;;0;;0.00;;;2;;;;;;;;;;;;
35-44;male;2;2;1.00;;;0.01;5;;;;;;0;;0.00;;;;;;;;;;;;;;;
18-24;unknown;5;5;1.00;;;0.01;2;;;;;;0;;0.00;;;1;;;;;;;;;;;;
45-54;male;4;4;1.00;;;0.01;2.5;;;;;;0;;0.00;;;1;;;;;;;;;;;;
65+;male;1;1;1.00;;;0.01;10;;;;;;0;;0.00;;;;;;;;;;;;;;;
25-34;unknown;1;1;1.00;;;0.01;10;;;;;;0;;0.00;;;1;;;;;;;;;;;;
55-64;unknown;1;1;1.00;;;0.01;10;;;;;;0;;0.00;;;;;;;;;;;;;;;
35-44;unknown;1;1;1.00;;;0.01;10;;;;;;0;;0.00;;;;;;;;;;;;;;;
13-17;unknown;0;1;0.00;;;0.01;9.99992395;;;;;;0;;0.00;;;;;;;;;;;;;;;
18-24;unknown;1;2;2.00;;;0.00;0;;;;;;0;;0.00;;;;;;;;;;;;;;;
45-54;male;1;1;1.00;;;0.00;0;;;;;;0;;0.00;;;;;;;;;;;;;;;
25-34;male;1;1;1.00;;;0.00;0;;;;;;0;;0.00;;;1;;;;;;;;;;;;
18-24;male;1;1;1.00;;;0.00;0;;;;;;0;;0.00;;;1;;;;;;;;;;;;
55-64;male;1;1;1.00;;;0.00;0;;;;;;0;;0.00;;;;;;;;;;;;;;;
25-34;unknown;1;1;1.00;;;0.00;0;;;;;;0;;0.00;;;;;;;;;;;;;;;
25-34;unknown;1;1;1.00;;;0.00;0;;;;;;0;;0.00;;;;;;;;;;;;;;;
18-24;unknown;1;1;1.00;;;0.00;0;;;;;;0;;0.00;;;;;;;;;;;;;;;
18-24;male;2;2;1.00;;;0.00;0;1;0.000;50.000;;;1;0.000;50.00;;;2;;;;;;;;;;;;
25-34;male;3;3;1.00;;;0.00;0;;;;;;0;;0.00;;;1;;;;;;;;;;;;
35-44;unknown;1;1;1.00;;;0.00;0;;;;;;0;;0.00;;;1;;;;;;;;;;;;
65+;female;1;1;1.00;;;0.00;0;;;;;;0;;0.00;;;;;;;;;;;;;;;
25-34;unknown;1;1;1.00;;;0.00;0;;;;;;0;;0.00;;;;;;;;;;;;;;;
35-44;unknown;1;1;1.00;;;0.00;0;;;;;;0;;0.00;;;;;;;;;;;;;;;
18-24;unknown;2;2;1.00;;;0.00;0;;;;;;0;;0.00;;;;;;;;;;;;;;;
65+;female;1;1;1.00;;;0.00;0;;;;;;0;;0.00;;;1;;;;;;;;;;;;
45-54;male;1;1;1.00;;;0.00;0;;;;;;0;;0.00;;;1;;;;;;;;;;;;
55-64;male;1;1;1.00;;;0.00;0;;;;;;0;;0.00;;;1;;;;;;;;;;;;
18-24;unknown;1;1;1.00;;;0.00;0;;;;;;0;;0.00;;;;;;;;;;;;;;;
18-24;male;1;1;1.00;;;0.00;0;;;;;;0;;0.00;;;1;;;;;;;;;;;;
35-44;unknown;1;1;1.00;;;0.00;0;;;;;;0;;0.00;;;;;;;;;;;;;;;
65+;male;1;1;1.00;;;0.00;0;;;;;;0;;0.00;;;1;;;;;;;;;;;;
25-34;unknown;2;2;1.00;;;0.00;0;;;;;;0;;0.00;;;;;;;;;;;;;;;
18-24;unknown;1;1;1.00;;;0.00;0;;;;;;0;;0.00;;;;;;;;;;;;;;;
45-54;unknown;1;1;1.00;;;0.00;0;;;;;;0;;0.00;;;;;;;;;;;;;;;
