Edad;Sexo;Alcance;Impresiones;Frecuencia;Resultados;Costo por resultado;Importe gastado (USD);CPM (costo por mil impresiones);Clics en el enlace;CPC (Enlace);CTR (Enlace);ROAS;Tasa de resultados;Clics (todos);CPC (Anuncio);CTR (Anuncio);Comentarios de la publicación;Reacciones a la publicación;Interacción con una publicación;Veces que se compartió la publicación;Valor de conversión de compras;Pagos iniciados;Costo por pago iniciado
35-44;female;52992;67453;1.272.890.248;52;16.22;843.43;1.250.401.888;856;0.98531961;126.903.177;2.02;0.077090715;1626;0.51871684;241.056.736;44;277;23012;128;1702.61;199;423.835.973
35-44;female;42048;53027;1.261.106.355;34;23.29;791.84;1.493.272.013;771;102.702.639;1.453.976.276;1.36;0.064118279;1363;0.58095183;257.038.867;43;226;19689;91;1076.29;144;549.887.049
35-44;female;37280;45775;1.227.870.172;42;17.93;752.98;1.644.959.039;746;100.935.657;1.629.710.541;1.84;0.09175314;1185;0.63542616;258.874.932;23;235;17377;111;1388.13;165;456.351.515
45-54;female;25440;30149;1.185.102.201;40;18.55;742.16;2.461.640.519;635;116.875.591;2.106.205.844;1.78;0.132674384;1079;0.68782206;357.889.151;12;239;13208;81;1321.8;156;47.574.359
45-54;female;23232;30606;1.317.407.025;36;19.76;711.50;2.324.700.198;663;107.314.893;2.166.241.913;1.98;0.117623995;1119;0.63583355;365.614.585;13;177;12484;50;1412.28;130;547.305.956
35-44;female;32416;43161;1.331.472.113;42;16.68;700.62;1.623.265.504;700;100.088.232;1.621.834.527;1.95;0.097310072;1251;0.56004606;289.844.999;31;180;14781;57;1364.12;182;384.954.739
25-34;female;46208;59761;129.330.419;36;19.43;699.64;1.170.726.158;800;0.87454707;1.338.665.685;1.60;0.060239956;1583;0.44196946;264.888.472;41;197;20065;88;1122.12;175;399.792.948
25-34;female;44288;52411;1.183.413.114;45;14.87;669.32;1.277.060.159;649;103.130.971;1.238.289.672;2.21;0.085859839;1118;0.59867621;213.313.999;33;222;18460;162;1479.43;137;488.554.745
45-54;female;24672;29519;1.196.457.523;33;19.48;642.71;2.177.268.368;630;102.017.119;2.134.218.639;1.63;0.111792405;1011;0.63571498;342.491.277;17;201;12625;61;1049.85;117;549.322.948
45-54;female;26176;34170;1.305.394.254;29;20.41;592.02;1.732.559.256;596;0.99331459;1.744.220.076;1.56;0.084869769;1062;0.55745339;310.798.946;24;214;13950;77;921.95;106;558.505.187
25-34;female;41440;55992;1.351.158.301;27;21.68;585.38;1.045.462.831;641;0.91322238;1.144.806.401;1.48;0.048221174;1399;0.41842427;249.857.122;51;185;17405;87;864.85;120;487.812.957
25-34;female;33792;42708;1.263.849.432;39;13.36;521.10;1.220.135.971;530;0.98319938;1.240.985.295;2.37;0.091317786;1049;0.49675469;245.621.429;21;121;12844;53;1233.88;124;420.238.444
25-34;female;31680;41024;1.294.949.495;19;26.32;499.99;1.218.774.376;468;10.683.547;1.140.795.632;1.23;0.046314353;1011;0.49454995;246.441.108;35;142;13860;99;613.48;80;6.249.875
35-44;female;24848;32064;1.290.405.666;21;22.25;467.31;1.457.428.892;410;113.978.049;1.278.692.615;1.41;0.065494012;768;0.60847656;239.520.958;23;142;11413;61;658.32;81;576.925.926
55-64;female;10432;12104;1.160.276.074;27;15.96;430.96;3.560.475.876;393;109.659.033;3.246.860.542;2.06;0.223066755;615;0.70074797;508.096.497;9;95;6132;33;887.84;79;545.518.987
55-64;female;11552;12738;1.102.666.205;19;22.20;421.76;3.311.073.871;391;107.868.182;306.955.566;1.49;0.149159994;632;0.66734903;496.153.242;14;85;6062;27;630.49;81;520.697.024
35-44;female;19888;25171;126.563.757;18;23.25;418.53;1.662.746.812;390;107.315.385;154.940.209;1.44;0.071510866;640;0.65395313;254.260.856;15;140;8534;46;601.56;74;565.581.081
55-64;female;9920;11795;1.189.012.097;20;18.98;379.65;3.218.725.983;366;103.729.161;310.300.975;1.73;0.169563374;596;0.63699451;505.298.855;13;96;5669;30;655.88;68;558.306.955
25-34;female;26592;33454;1.258.047.533;17;21.90;372.38;111.311.054;356;104.601.124;1.064.147.785;1.38;0.050816046;855;0.43553216;255.574.819;23;128;11115;51;513.64;79;471.367.089
45-54;female;10992;13696;1.245.997.089;24;14.74;353.75;2.582.870.911;319;110.893.417;2.329.147.196;2.21;0.175233645;491;0.72046843;358.498.832;12;108;5623;33;783.08;67;527.985.075
25-34;female;20400;26637;1.305.735.294;10;34.02;340.23;1.277.283.478;337;100.958.457;1.265.157.488;1.01;0.037541765;613;0.55502447;230.131.021;13;90;7991;51;344.2;63;540.047.619
35-44;female;17712;23883;1.348.407.859;23;14.61;335.93;1.406.565.339;356;0.9436236;1.490.600.008;2.11;0.09630281;708;0.4744774;29.644.517;15;125;8330;47;708.16;82;409.670.732
35-44;female;15536;16651;1.071.768.795;11;25.02;275.24;1.652.993.814;205;134.263.415;1.231.157.288;1.40;0.066062098;306;0.89947712;183.772.746;6;43;5981;13;384.12;44;625.545.455
35-44;female;14552;15525;1.066.863.661;14;19.21;268.99;1.732.624.799;211;127.483.412;1.359.098.229;1.82;0.090177134;341;0.78882698;219.645.733;6;52;5565;21;488.88;32;84.059.375
35-44;female;14480;15073;1.040.953.039;13;20.40;265.20;1.759.437.405;205;129.365.854;1.360.047.768;1.85;0.086246932;334;0.79401198;22.158.827;6;47;5574;16;489.96;45;589.333.333
45-54;female;10544;12846;1.218.323.217;16;16.07;257.13;200.163.475;214;120.154.206;1.665.888.214;2.05;0.12455239;364;0.7064011;283.356.687;5;70;5222;29;526.2;57;451.105.263
35-44;female;14104;15396;1.091.605.218;9;28.38;255.41;1.658.937.386;192;133.026.042;1.247.077.163;1.30;0.058456742;274;0.93215328;177.968.303;2;36;5498;16;332.28;30;851.366.667
35-44;female;13840;14878;1.075;9;28.35;255.17;1.715.082.672;172;148.354.651;1.156.069.364;1.30;0.060492002;254;10.046.063;170.721.871;2;58;5510;18;332.28;31;823.129.032
55-64;female;8448;10503;1.243.252.841;14;17.98;251.76;2.397.011.191;279;0.90235873;265.638.389;1.76;0.133295249;465;0.54141524;442.730.648;7;81;4971;22;443.88;46;547.300.186
35-44;female;14816;18312;1.235.961.123;15;15.82;237.32;1.295.980.778;239;0.99297071;130.515.509;2.15;0.081913499;424;0.55971698;231.542.158;8;128;7255;65;511.28;47;50.493.617
25-34;female;15440;16866;1.092.357.513;12;19.36;232.33;137.750.504;152;152.848.684;0.901221392;1.95;0.071149057;248;0.93681452;147.041.385;3;27;5529;22;452.04;33;704.030.303
45-54;female;8960;11024;1.230.357.143;14;16.01;224.11;2.032.928.157;214;104.724.299;1.941.219.158;2.00;0.126995646;411;0.54527981;372.822.932;7;83;4293;27;448.88;52;430.980.769
35-44;female;12104;12945;1.069.481.163;11;20.36;223.93;1.729.857.088;180;124.405.556;1.390.498.262;1.72;0.084974894;290;0.77217241;22.402.472;3;39;4582;15;384.12;29;772.172.414
25-34;female;14704;15403;1.047.538.085;2;109.04;218.07;1.415.763.163;167;130.580.838;1.084.204.376;0.32;0.012984484;252;0.86535714;163.604.493;4;39;5355;24;69.84;18;12.115
25-34;female;14368;15766;1.097.299.555;8;27.18;217.43;1.379.106.939;114;19.072.807;0.723074971;1.28;0.050742103;199;109.261.307;126.220.982;2;38;5228;27;279.36;32;67.946.875
65+;female;4224;5095;1.206.202.652;19;11.23;213.41;418.861.629;220;0.97004545;4.317.958.783;3.03;0.372914622;337;0.63326409;661.432.777;1;40;2677;19;646.48;48;444.604.167
25-34;female;13776;14873;1.079.631.243;10;21.32;213.23;1.433.671.754;172;12.397.093;1.156.458.011;1.79;0.067235931;267;0.79861423;179.519.935;5;37;4984;19;382.2;35;609.228.571
45-54;female;9104;9608;1.055.360.281;10;20.88;208.78;2.172.980.849;159;131.308.176;1.654.870.941;1.64;0.104079933;258;0.80922481;268.526.228;3;35;4249;9;343.21;31;673.483.871
45-54;female;8000;8582;107.275;12;17.05;204.55;2.383.477.045;171;119.619.883;1.992.542.531;2.05;0.139827546;262;0.78072519;305.290.142;2;45;4043;11;419.04;28;730.535.714
25-34;female;13880;14997;1.080.475.504;18;11.29;203.25;1.355.271.054;162;125.462.963;1.080.216.043;3.51;0.120024005;260;0.78173077;173.368.007;5;31;4968;31;712.51;40;508.125
45-54;female;8096;8553;1.056.447.628;6;31.70;190.20;2.223.781.129;136;139.852.941;159.008.535;1.10;0.070150824;215;0.88465116;251.373.787;3;30;3750;6;209.52;18;1.056.666.667
25-34;female;14544;17440;1.199.119.912;10;18.97;189.69;1.087.672.018;180;105.383.333;1.032.110.092;1.71;0.05733945;318;0.59650943;18.233.945;13;89;6289;52;324.2;39;486.384.615
45-54;female;7392;8494;1.149.080.087;11;17.19;189.14;2.226.748.293;139;136.071.942;1.636.449.258;2.22;0.129503179;215;0.87972093;253.119.849;4;24;3851;10;420.12;25;75.656
45-54;female;8064;8466;104.985.119;9;20.69;186.19;2.199.267.659;151;123.304.636;1.783.605.008;1.78;0.106307583;236;0.78894068;278.762.107;2;45;3797;16;332.28;26;716.115.385
18-24;female;18240;23459;1.286.129.386;12;15.45;185.40;790.312.373;260;0.71307454;1.108.316.638;1.99;0.051153076;586;0.31638119;249.797.519;7;45;6844;20;369.05;49;378.366.081
45-54;female;7472;7784;1.041.755.889;9;20.38;183.38;2.355.858.171;131;139.984.733;1.682.939.363;1.71;0.115621788;208;0.88163462;2.672.148;1;27;3530;9;314.28;17;1.078.705.882
55-64;female;4032;4930;1.222.718.254;10;18.34;183.36;3.719.269.777;141;130.042.553;2.860.040.568;2.18;0.202839757;244;0.75147541;494.929.006;9;49;2201;16;399.15;33;555.636.364
35-44;female;10792;11430;1.059.117.865;7;25.41;177.90;1.556.443.636;170;104.647.946;1.487.314.086;1.35;0.061242345;229;0.77686248;200.349.956;;49;5412;41;239.44;29;613.453.475
25-34;female;11432;12422;108.659.902;8;22.02;176.16;1.418.129.126;108;163.111.111;0.869425213;1.56;0.064401868;175;100.662.857;140.879.085;4;19;3976;13;274.87;28;629.142.857
25-34;female;13656;15770;1.154.803.749;15;11.65;174.81;1.108.497.146;158;110.639.241;1.001.902.346;2.71;0.095117311;351;0.49803419;222.574.509;17;55;5378;32;473.8;32;54.628.125
35-44;female;10288;11976;116.407.465;6;28.09;168.55;140.739.813;171;0.98567251;1.427.855.711;1.15;0.0501002;297;0.56750842;247.995.992;9;68;4517;32;194.52;27;624.259.259
65+;female;3968;5029;1.267.389.113;13;12.75;165.77;3.296.270.538;166;0.99861112;3.300.855.041;2.40;0.258500696;275;0.60279798;546.828.395;5;32;2442;10;397.96;43;385.510.338
65+;female;3808;4642;1.219.012.605;10;15.74;157.38;3.390.385.882;144;109.292.856;3.102.111.159;2.09;0.215424386;255;0.61718319;549.332.184;3;33;2245;13;329.21;30;524.605.709
18-24;female;14688;18756;1.276.960.784;5;31.34;156.71;8.355.193;188;0.83356383;1.002.345.916;0.93;0.026658136;459;0.34141612;244.721.689;11;59;5556;20;145.62;34;460.911.765
25-34;female;11128;12698;114.108.555;9;17.11;154.00;1.212.810.273;145;106.208.723;1.141.912.112;1.85;0.070877304;251;0.61355637;197.668.924;4;44;5127;20;284.28;32;481.258.276
18-24;female;11520;14931;129.609.375;5;30.46;152.31;1.020.092.425;153;0.9954902;1.024.713.683;1.11;0.033487375;306;0.4977451;204.942.737;6;72;4911;37;169.6;29;525.206.897
45-54;female;6912;8330;1.205.150.463;6;25.20;151.19;1.815.006.002;155;0.97541935;1.860.744.298;1.37;0.072028812;221;0.68411765;265.306.122;6;74;3783;22;207;28;539.964.286
18-24;female;12896;17133;1.328.551.489;4;35.11;140.43;819.646.297;162;0.86685185;0.945543688;0.85;0.023346758;450;0.31206667;262.651.024;5;58;5496;21;119.68;25;56.172
35-44;female;7867;7867;1;3;45.65;136.95;1.740.816.067;115;119.086.957;1.461.802.466;0.76;0.038133977;161;0.85062112;204.652.345;1;21;3342;8;104.76;12;114.125
35-44;female;7912;8403;1.062.057.634;7;18.95;132.63;157.836.487;152;0.87256579;1.808.877.782;1.86;0.083303582;230;0.57665217;27.371.177;5;40;3144;18;246.92;20;66.315
25-34;female;9944;10128;101.850.362;5;25.26;126.28;1.246.840.442;110;1.148;1.086.097.946;1.18;0.049368088;216;0.58462963;213.270.142;9;42;3528;17;149.6;25;50.512
35-44;female;6824;8496;1.245.017.585;5;25.07;125.37;1.475.635.593;88;142.465.909;1.035.781.544;1.27;0.058851224;142;0.88288732;167.137.476;7;28;2984;18;159.6;12;104.475
45-54;female;5624;5968;106.116.643;10;12.40;124.04;2.078.486.571;137;0.90543123;2.295.576.408;2.65;0.167560322;176;0.7047959;294.906.166;2;27;3551;7;329.2;38;326.431.786
25-34;female;7824;9993;1.277.223.926;10;12.28;122.80;1.228.860.202;135;0.90962963;1.350.945.662;2.68;0.100070049;217;0.56589862;217.152.006;8;31;3570;31;329.2;26;472.307.692
35-44;female;6232;6435;1.032.573.813;8;14.61;116.87;1.816.161.616;79;147.936.709;1.227.661.228;2.39;0.124320124;116;10.075;18.026.418;;23;2588;11;279.36;21;55.652.381
35-44;female;5048;6414;1.270.602.219;8;14.60;116.78;1.820.678.961;112;104.266.383;1.746.180.231;2.05;0.124727159;185;0.63123432;288.431.556;7;19;2387;11;239.36;23;50.773.195
55-64;female;3072;3699;1.204.101.563;7;16.58;116.03;3.136.793.728;100;11.603;270.343.336;1.89;0.189240335;159;0.72974843;429.845.904;1;26;1757;10;219.44;15;773.533.333
25-34;female;8816;9108;1.033.121.597;7;16.56;115.95;1.273.089.646;127;0.91301579;1.394.378.568;1.89;0.076855512;216;0.53681947;23.715.415;5;27;3115;9;219.44;24;483.137.521
35-44;female;7416;7904;1.065.803.668;6;19.16;114.95;1.454.326.923;115;0.99956522;1.454.959.514;1.69;0.075910931;165;0.69666667;208.755.061;3;44;3173;19;194.52;17;676.176.471
25-34;female;7104;7729;1.087.978.604;4;28.40;113.61;1.469.918.489;76;149.486.842;0.983309613;1.23;0.051753138;125;0.90888;161.728.555;2;19;2749;15;139.68;23;493.956.522
45-54;female;3576;4321;1.208.333.333;7;16.19;113.36;262.342.969;108;104.961.479;249.942.143;1.94;0.161999537;187;0.60619464;432.770.192;3;25;1890;14;219.44;16;708.489.981
55-64;female;3104;4027;1.297.358.247;3;37.68;113.05;280.730.072;92;122.880.435;2.284.579.091;0.93;0.074497144;139;0.81330935;345.170.102;3;9;2315;2;104.76;17;6.65
45-54;female;4624;4917;1.063.365.052;4;27.41;109.62;2.229.408.176;88;124.568.182;1.789.709.172;1.44;0.081350417;128;0.85640625;260.321.334;3;15;2648;7;157.68;14;7.83
35-44;female;7040;7245;1.029.119.318;3;36.47;109.42;1.510.322.094;99;110.528.117;1.366.459.627;0.82;0.041407867;168;0.6513264;231.884.058;1;26;2680;18;89.76;29;377.320.123
55-64;female;3520;3654;1.038.068.182;6;17.72;106.33;2.909.961.686;83;128.108.434;2.271.483.306;2.28;0.164203612;129;0.82426357;353.037.767;2;16;2127;3;242.52;13;817.923.077
18-24;female;8224;12754;1.550.826.848;4;26.23;104.91;822.574.421;127;0.82607198;0.995766034;1.19;0.03136271;306;0.34284687;239.924.729;6;23;3434;14;124.68;22;476.868.826
25-34;female;7936;8679;1.093.623.992;5;20.84;104.22;1.200.829.589;111;0.93891892;1.278.949.188;1.44;0.057610324;189;0.55142857;217.767.024;5;47;3090;26;149.6;24;43.425
18-24;female;10528;14941;1.419.167.933;8;12.99;103.91;695.463.555;142;0.731755;0.950404926;2.30;0.053543939;379;0.27416678;253.664.413;7;41;4324;15;239.36;28;371.104.321
55-64;female;2528;3452;1.365.506.329;;;100.49;2.911.066.049;105;0.95704762;3.041.714.948;;;164;0.6127439;475.086.906;6;25;1419;7;;8;1.256.125
65+;female;3360;4245;1.263.392.857;5;19.93;99.67;2.347.920.895;109;0.91439672;2.567.726.737;1.50;0.11778563;204;0.48857472;480.565.371;9;27;2014;11;149.6;24;415.288.508
55-64;female;2056;2649;1.288.424.125;5;19.88;99.38;3.751.551.325;88;112.930.221;3.322.008.305;1.51;0.188750472;140;0.7098471;528.501.321;2;21;1348;5;149.6;22;451.720.885
55-64;female;2544;3319;1.304.638.365;3;32.58;97.74;2.944.862.911;71;137.661.972;2.139.198.554;1.07;0.090388671;115;0.84991304;346.489.907;3;16;1828;5;104.76;17;574.941.176
55-64;female;3056;3389;1.108.965.969;6;15.95;95.69;2.823.546.769;79;121.126.582;2.331.071.112;2.19;0.177043376;118;0.8109322;348.185.305;;11;1836;5;209.52;11;869.909.091
25-34;female;6836;7228;1.057.343.476;2;47.68;95.35;1.319.175.429;70;136.214.286;0.968456004;0.63;0.027670172;121;0.78801653;167.404.538;1;34;2556;11;59.84;11;866.818.182
55-64;female;2864;3239;1.130.935.754;1;93.41;93.41;2.883.914.789;68;137.367.647;2.099.413.399;0.37;0.030873726;105;0.88961905;324.174.128;2;11;1745;4;34.92;7;1.334.428.571
25-34;female;5264;6571;1.248.290.274;3;31.03;93.10;1.416.811.496;87;107.009.981;1.323.999.391;1.02;0.045655151;164;0.5676749;249.581.494;2;17;2128;11;94.76;12;775.822.362
25-34;female;6480;6571;101.404.321;6;15.50;93.00;1.415.309.694;66;140.909.091;1.004.413.331;2.25;0.091310303;116;0.80172414;176.533.252;;13;2362;5;209.52;17;547.058.824
35-44;female;5296;5565;1.050.793.051;5;18.56;92.80;1.667.565.139;95;0.97684211;1.707.097.934;1.67;0.08984726;147;0.63129252;264.150.943;9;23;2183;13;154.6;15;618.666.667
55-64;female;2808;3152;1.122.507.123;4;22.71;90.83;2.881.662.437;63;144.174.603;1.998.730.964;1.54;0.126903553;101;0.89930693;320.431.472;1;12;1780;6;139.68;10;9.083
45-54;female;3664;3887;1.060.862.445;4;22.19;88.75;2.283.251.865;82;108.231.707;210.959.609;1.46;0.102907126;126;0.70436508;324.157.448;1;24;1660;11;129.68;20;44.375
18-24;female;8432;10474;1.242.172.676;2;43.27;86.54;826.236.395;94;0.9206383;0.897460378;0.69;0.019094902;231;0.37463203;220.546.114;2;36;2800;12;59.84;15;576.933.333
45-54;female;3440;3737;1.086.337.209;4;21.14;84.54;226.224.244;76;111.236.842;2.033.716.885;1.87;0.107037731;114;0.74157895;305.057.533;1;16;1895;4;157.68;9;939.333.333
65+;female;1312;1652;1.259.146.341;2;38.86;77.73;4.705.139.272;77;100.946.624;4.661.016.949;0.77;0.121065375;120;0.64774084;726.392.252;2;10;932;4;59.84;7;1.110.412.868
45-54;female;2880;3749;1.301.736.111;3;25.83;77.49;2.066.951.187;64;121.078.125;1.707.121.899;1.22;0.080021339;105;0.738;280.074.687;5;19;1551;13;94.76;12;64.575
45-54;female;3840;3905;1.016.927.083;3;25.56;76.68;1.963.636.364;85;0.90211765;2.176.696.543;1.53;0.076824584;118;0.64983051;302.176.697;2;29;1897;12;117.24;10;7.668
45-54;female;3440;3814;110.872.093;3;23.84;71.52;1.875.196.644;73;0.97972603;1.914.001.049;1.32;0.078657577;120;0.596;314.630.309;2;43;1616;5;94.76;13;550.153.846
65+;female;1344;2090;1.555.059.524;4;17.29;69.16;3.309.090.909;67;103.223.881;3.205.741.627;1.69;0.19138756;105;0.65866667;502.392.344;2;15;952;5;117.18;16;43.225
35-44;female;4564;4584;1.004.382.121;4;17.20;68.78;1.500.501.206;78;0.88183302;1.701.570.681;1.96;0.087260035;121;0.56845434;263.961.606;3;23;1795;11;134.68;13;52.909.981
25-34;female;5056;5376;1.063.291.139;;;67.40;1.253.774.472;70;0.96289879;1.302.083.333;;;136;0.49560967;25.297.619;4;16;1864;14;;10;674.029.156
25-34;female;5785;5801;1.002.765.774;4;16.54;66.16;1.140.493.018;86;0.76930233;1.482.503.017;1.88;0.068953629;131;0.50503817;225.823.134;4;30;2414;16;124.68;18;367.555.556
45-54;female;3102;3102;1;5;13.20;65.98;2.127.069.953;73;0.90385904;2.353.320.438;2.49;0.161186331;114;0.57878693;367.504.836;2;23;1339;7;164.6;24;274.923.791
65+;female;1248;1833;146.875;2;32.98;65.95;3.597.926.896;33;199.848.485;1.800.327.332;0.91;0.109110747;59;111.779.661;321.876.705;1;9;881;6;59.84;15;439.666.667
55-64;female;2272;2337;1.028.609.155;4;16.17;64.69;2.768.078.733;73;0.88616438;3.123.662.816;2.16;0.171159606;97;0.66690722;415.062.045;;9;1578;4;139.68;18;359.388.889
55-64;female;2016;2657;1.317.956.349;2;31.93;63.86;2.403.462.552;66;0.96757576;2.484.004.516;1.17;0.075272864;115;0.55530435;432.818.969;3;27;1366;6;74.84;6;1.064.333.333
35-44;female;4833;4862;1.006.000.414;2;31.68;63.36;1.303.167.421;52;121.846.154;1.069.518.717;0.94;0.041135335;86;0.73674419;176.881.942;1;22;2140;18;59.84;4;15.84
55-64;female;1960;2217;1.131.122.449;5;11.88;59.39;2.678.717.414;62;0.9578575;2.796.571.944;2.52;0.225529995;77;0.77126188;347.316.193;;9;1488;1;149.6;11;539.883.319
45-54;female;2404;2537;1.055.324.459;1;59.06;59.06;2.327.946.393;47;125.659.574;185.258.179;0.51;0.039416634;68;0.86852941;26.803.311;4;18;1186;1;29.92;9;656.222.222
18-24;female;4960;5684;1.145.967.742;1;58.91;58.91;1.036.418.015;46;128.065.217;0.809289233;0.59;0.017593244;66;0.89257576;116.115.412;;10;1842;6;34.92;5;11.782
25-34;female;4500;4691;1.042.444.444;2;28.85;57.70;1.230.014.922;69;0.83623188;1.470.901.727;1.30;0.042634833;116;0.49741379;247.282.029;3;16;1699;10;74.84;19;303.684.211
18-24;female;4752;5085;1.070.075.758;;;57.62;1.133.136.676;40;14.405;0.786627335;;;61;0.94459016;119.960.669;2;16;1752;12;;6;960.333.333
35-44;female;3756;3903;103.913.738;2;28.75;57.50;1.473.225.724;58;0.99137931;1.486.036.382;1.13;0.051242634;108;0.53240741;276.710.223;3;16;1544;6;64.84;10;5.75
18-24;female;4776;5039;1.055.067.002;2;26.51;53.01;1.051.994.443;34;155.911.765;0.674737051;1.32;0.039690415;43;12.327.907;0.85334392;;20;1665;8;69.84;4;132.525
18-24;female;4871;4871;1;2;26.08;52.15;1.070.622.049;47;110.957.447;0.964894272;1.68;0.041059331;58;0.89913793;119.072.059;2;19;1614;8;87.84;10;5.215
18-24;female;4392;4762;108.424.408;2;24.85;49.69;1.043.469.131;42;118.309.524;0.88198236;1.41;0.04199916;60;0.82816667;12.599.748;;12;1538;1;69.84;6;828.166.667
65+;female;1344;1541;1.146.577.381;1;45.72;45.72;2.966.904.607;30;1.524;19.467.878;2.21;0.064892927;51;0.89647059;330.953.926;1;4;946;4;100.87;3;15.24
55-64;male;1184;1399;1.181.587.838;3;14.84;44.53;3.182.987.848;37;120.351.351;2.644.746.247;2.02;0.214438885;66;0.67469697;471.765.547;;10;768;;89.76;7;636.142.857
65+;female;1296;1658;1.279.320.988;2;21.94;43.87;2.645.958.987;34;129.029.412;205.066.345;1.59;0.120627262;51;0.86019608;307.599.517;1;7;971;1;69.84;3;1.462.333.333
65+;female;1264;1626;1.286.392.405;1;42.74;42.74;2.628.536.285;41;104.243.902;2.521.525.215;0.82;0.061500615;74;0.57756757;455.104.551;2;15;669;3;34.92;5;8.548
18-24;female;4144;4855;1.171.573.359;8;5.34;42.73;880.123.584;48;0.89020833;0.988671473;6.54;0.164778579;103;0.41485437;21.215.242;4;24;1527;5;279.36;16;2.670.625
18-24;female;4976;5045;1.013.866.559;1;42.63;42.63;844.954.709;53;0.80430123;1.050.545.094;0.70;0.019821606;76;0.56089428;150.644.202;;28;1969;20;29.92;3;142.093.217
18-24;female;3912;3932;1.005.112.474;1;42.45;42.45;1.079.603.255;45;0.94333333;1.144.455.748;0.82;0.02543235;70;0.60642857;17.802.645;;12;1350;5;34.92;8;530.625
55-64;female;1609;1609;1;2;21.06;42.11;2.617.153.511;33;127.606.061;2.050.963.331;1.66;0.124300808;47;0.89595745;292.106.899;;5;1059;4;69.84;4;105.275
45-54;male;1792;2389;1.333.147.321;2;20.92;41.83;1.750.941.817;48;0.87145833;2.009.208.874;1.43;0.083717036;74;0.56527027;309.753.035;1;14;1223;11;59.84;3;1.394.333.333
35-44;male;3456;4584;1.326.388.889;2;20.81;41.63;908.151.907;73;0.57026964;1.592.495.637;1.56;0.043630017;174;0.23925105;379.581.152;13;23;2224;13;64.84;9;462.552.038
65+;female;1232;1273;1.033.279.221;4;10.27;41.08;3.227.022.781;30;136.933.333;2.356.637.863;3.40;0.314218382;48;0.85583333;377.062.058;2;9;695;;139.68;8;5.135
35-44;male;2592;3514;1.355.709.877;4;10.22;40.88;1.163.346.614;51;0.80156863;1.451.337.507;3.78;0.113830393;106;0.38566038;301.650.541;4;33;1710;28;154.68;11;371.636.364
25-34;male;3360;3859;1.148.511.905;3;13.50;40.49;1.049.235.553;78;0.51910256;2.021.249.028;2.78;0.077740347;133;0.30443609;344.648.873;8;25;1703;27;112.76;10;4.049
25-34;female;3517;3654;1.038.953.654;;;40.41;1.105.994.638;38;106.350.116;1.039.956.212;;;82;0.492842;224.411.604;;9;1322;9;;8;505.163.051
45-54;female;1940;1976;1.018.556.701;2;19.89;39.77;2.012.738.886;36;110.477.001;1.821.862.348;1.50;0.101214575;63;0.63129715;318.825.911;2;19;874;6;59.84;5;795.434.408
25-34;male;2288;2937;1.283.653.846;5;7.94;39.69;1.351.359.847;57;0.69630594;1.940.755.873;3.90;0.170241743;133;0.29841683;452.843.037;6;16;1280;11;154.6;5;793.788.774
35-44;female;2715;2731;1.005.893.186;2;19.79;39.58;144.939.515;45;0.87962181;1.647.748.078;1.51;0.073233248;75;0.52777309;27.462.468;;8;1021;5;59.84;10;395.829.815
65+;female;1200;1318;1.098.333.333;2;19.34;38.68;2.934.749.621;19;203.578.947;1.441.578.149;1.81;0.151745068;33;117.212.121;250.379.363;;3;787;1;69.84;3;1.289.333.333
65+;female;1136;1284;113.028.169;2;19.20;38.40;2.990.654.206;24;1.6;1.869.158.879;2.68;0.15576324;38;101.052.632;295.950.156;1;4;741;1;102.84;7;548.571.429
65+;female;1128;1212;1.074.468.085;2;19.10;38.19;3.150.990.099;34;112.323.529;2.805.280.528;1.83;0.165016502;49;0.77938776;404.290.429;;5;695;2;69.84;6;6.365
55-64;female;1104;1315;1.191.123.188;3;12.50;37.50;2.851.711.027;42;0.89285714;319.391.635;3.01;0.228136882;66;0.56818182;501.901.141;;6;672;2;112.76;9;416.666.667
18-24;female;3945;3945;1;3;12.32;36.96;936.882.129;29;127.448.276;0.735107731;2.56;0.076045627;64;0.5775;162.230.672;2;12;1234;4;94.76;12;3.08
45-54;female;2000;2087;10.435;2;18.06;36.12;1.730.713.943;36;100.333.333;1.724.964.063;1.66;0.095831337;48;0.7525;229.995.208;;12;1037;6;59.84;8;4.515
45-54;female;1588;1603;1.009.445.844;1;35.48;35.48;2.213.349.969;32;110.875;1.996.257.018;0.84;0.062383032;56;0.63357143;349.344.978;1;15;730;6;29.92;2;17.74
18-24;female;3248;4614;1.420.566.502;1;35.13;35.13;761.378.414;41;0.85682927;0.888599913;0.99;0.021673169;93;0.37774194;201.560.468;3;31;1510;13;34.92;8;439.125
18-24;female;3688;4774;1.294.468.547;3;11.61;34.82;729.367.407;50;0.6964;1.047.339.757;2.58;0.062840385;101;0.34475248;211.562.631;1;13;1437;8;89.76;12;290.166.667
35-44;male;1752;2260;1.289.954.338;1;33.15;33.15;1.466.793.416;44;0.75339844;1.946.902.655;0.90;0.044247788;94;0.35265459;415.929.204;5;16;1085;5;29.92;3;1.104.984.373
45-54;male;2240;2904;1.296.428.571;2;16.44;32.89;1.132.567.144;40;0.82224375;1.377.410.468;1.82;0.068870523;100;0.3288975;344.352.617;3;17;1544;8;59.84;4;822.243.747
55-64;female;1072;1170;109.141.791;2;16.29;32.57;2.783.760.684;33;0.9869697;2.820.512.821;1.84;0.170940171;51;0.63862745;435.897.436;2;9;621;5;59.84;12;271.416.667
45-54;male;1176;1523;1.295.068.027;1;31.64;31.64;2.077.449.282;38;0.8326198;2.495.075.509;0.95;0.065659882;71;0.4456275;466.185.161;3;7;785;4;29.92;2;1.581.977.628
55-64;female;1003;1003;1;1;31.41;31.41;3.131.686.344;23;136.568.757;2.293.120.638;1.43;0.099700897;37;0.84894092;36.889.332;;5;457;1;44.92;4;785.270.351
18-24;female;1856;2592;1.396.551.724;1;28.54;28.54;1.101.064.676;26;109.767.678;100.308.642;1.05;0.038580247;68;0.41969995;262.345.679;1;5;745;3;29.92;2;142.697.982
18-24;female;3232;3463;1.071.472.772;1;28.41;28.41;820.408.209;37;0.76785774;1.068.437.771;1.05;0.028876697;75;0.37880982;216.575.224;1;14;1114;6;29.92;3;947.024.543
25-34;female;2294;2313;1.008.282.476;;;27.65;1.195.417.207;30;0.92166667;1.297.016.861;;;62;0.44596774;268.050.151;3;6;882;7;;8;345.625
35-44;male;2336;2735;1.170.804.795;7;3.87;27.10;990.859.232;39;0.69487179;1.425.959.781;7.91;0.255941499;71;0.38169014;259.597.806;1;28;1296;22;214.44;9;301.111.111
55-64;male;672;906;1.348.214.286;4;6.74;26.97;2.976.853.586;33;0.81728162;3.642.384.106;4.99;0.441501104;54;0.49944988;59.602.649;;5;464;2;134.68;7;385.289.907
18-24;female;2897;2897;1;1;26.69;26.69;921.297.894;28;0.95321429;0.966517087;1.12;0.034518467;58;0.46017241;200.207.111;;16;975;2;29.92;2;13.345
18-24;female;2747;2747;1;1;26.39;26.39;960.684.383;27;0.97740741;0.982890426;1.13;0.036403349;40;0.65975;145.613.396;1;7;944;6;29.92;4;65.975
35-44;male;1792;2479;1.383.370.536;1;26.21;26.21;1.057.277.624;44;0.59567983;1.774.909.238;1.33;0.040338846;92;0.28489035;371.117.386;3;14;1052;9;34.92;3;873.663.743
65+;female;664;791;119.126.506;;;26.09;3.298.356.511;6;434.833.333;0.758533502;;;17;153.470.588;214.917.826;1;2;489;2;;;
18-24;female;2540;2540;1;;;25.89;1.019.291.339;17;152.294.118;0.669291339;;;26;0.99576923;102.362.205;1;7;847;3;;4;64.725
55-64;female;840;1001;1.191.666.667;;;25.80;2.577.422.577;19;135.789.474;1.898.101.898;;;26;0.99230769;25.974.026;;1;440;;;2;12.9
55-64;female;820;895;1.091.463.415;3;8.57;25.72;2.873.743.017;22;116.909.091;2.458.100.559;3.49;0.335195531;37;0.69513514;413.407.821;1;6;458;2;89.76;7;367.428.571
18-24;female;2108;2205;104.601.518;1;24.81;24.81;1.125.170.068;15;1.654;0.680272109;1.41;0.045351474;28;0.88607143;126.984.127;3;2;767;2;34.92;4;62.025
35-44;male;1600;1952;1.22;1;24.58;24.58;1.259.235.015;37;0.66433155;1.895.491.803;1.22;0.051229508;81;0.30346009;414.959.016;2;9;839;2;29.92;3;819.342.249
45-54;male;1440;1541;1.070.138.889;1;23.56;23.56;1.528.872.237;22;107.090.551;1.427.644.387;1.27;0.064892927;50;0.47119842;324.464.633;1;9;689;1;29.92;4;588.998.029
35-44;male;1232;1696;1.376.623.377;2;11.71;23.42;1.380.896.226;31;0.75548387;1.827.830.189;2.56;0.117924528;64;0.3659375;377.358.491;3;13;828;4;59.84;6;390.333.333
35-44;female;1664;1676;1.007.211.538;1;23.18;23.18;1.383.054.893;22;105.363.636;1.312.649.165;1.29;0.059665871;42;0.55190476;250.596.659;1;7;622;;29.92;5;4.636
45-54;male;1056;1495;1.415.719.697;;;23.16;1.549.180.738;24;0.9650105;1.605.351.171;;;51;0.45412259;341.137.124;3;9;664;5;;2;1.158.012.602
25-34;male;2144;2738;1.277.052.239;;;23.06;842.214.194;55;0.41926954;2.008.765.522;;;97;0.23773015;354.273.192;4;13;1172;10;;3;768.660.821
65+;female;816;911;1.116.421.569;;;22.85;2.508.112.983;22;103.858.679;241.492.865;;;31;0.73706159;340.285.401;;2;529;2;;2;1.142.445.464
45-54;male;1712;1998;1.167.056.075;1;22.14;22.14;1.108.108.108;24;0.9225;1.201.201.201;1.58;0.05005005;42;0.52714286;21.021.021;1;12;968;5;34.92;2;11.07
45-54;female;968;992;1.024.793.388;;;21.29;2.146.331.025;19;112.061.072;1.915.322.581;;;34;0.62622364;342.741.935;3;7;433;2;;2;1.064.580.188
45-54;male;1008;1320;130.952.381;2;10.56;21.12;16;28;0.75428571;2.121.212.121;3.07;0.151515152;62;0.34064516;46.969.697;3;10;647;8;64.84;3;7.04
65+;female;1024;1031;1.006.835.938;;;20.82;2.019.398.642;21;0.99142857;203.685.742;;;42;0.49571429;407.371.484;2;14;498;1;;1;20.82
55-64;male;528;749;1.418.560.606;;;20.78;2.774.326.587;17;122.233.566;2.269.692.924;;;30;0.69265687;400.534.045;;5;375;1;;3;692.656.871
65+;male;646;646;1;1;20.77;20.77;3.215.170.279;20;10.385;3.095.975.232;1.44;0.154798762;35;0.59342857;541.795.666;;5;361;3;29.92;2;10.385
25-34;male;1632;2131;1.305.759.804;3;6.63;19.89;933.364.618;48;0.414375;2.252.463.632;4.76;0.140778977;74;0.26878378;34.725.481;2;18;943;19;94.76;7;284.142.857
25-34;male;1440;2069;1.436.805.556;2;9.70;19.40;937.647.902;29;0.66896328;1.401.643.306;3.08;0.096665056;74;0.26216128;357.660.706;1;11;873;7;59.84;8;242.499.189
55-64;male;896;1217;1.358.258.929;2;9.38;18.76;1.541.483.758;27;0.69480953;2.218.570.255;3.19;0.164338537;49;0.38285423;402.629.417;1;12;681;4;59.84;3;625.328.578
55-64;male;576;649;1.126.736.111;1;18.60;18.60;2.865.947.612;9;206.666.667;1.386.748.844;1.61;0.154083205;21;0.88571429;32.357.473;1;7;297;2;29.92;2;9.3
55-64;female;696;805;1.156.609.195;;;18.00;2.236.024.845;14;128.571.429;1.739.130.435;;;27;0.66666667;335.403.727;1;6;362;3;;2;9
25-34;male;1312;1431;109.070.122;;;17.89;1.250.188.308;23;0.77783455;1.607.267.645;;;44;0.40659533;307.477.289;2;2;508;3;;2;894.509.734
65+;female;552;632;1.144.927.536;1;16.66;16.66;2.636.075.949;15;111.066.667;2.373.417.722;2.10;0.158227848;22;0.75727273;348.101.266;;;441;1;34.92;3;555.333.333
25-34;male;880;1472;1.672.727.273;1;16.46;16.46;1.118.206.522;21;0.78380952;1.426.630.435;1.82;0.067934783;50;0.3292;339.673.913;2;11;636;5;29.92;8;20.575
65+;male;368;464;1.260.869.565;2;8.13;16.26;3.504.260.788;17;0.95645706;3.663.793.103;4.60;0.431034483;31;0.52450871;668.103.448;;1;270;2;74.84;2;812.988.503
18-24;female;2212;2328;105.244.123;1;16.16;16.16;694.158.076;24;0.67333333;1.030.927.835;1.85;0.042955326;28;0.57714286;120.274.914;;19;945;9;29.92;7;230.857.143
55-64;male;544;776;1.426.470.588;;;15.95;2.055.405.494;14;11.392.819;1.804.123.711;;;35;0.45571276;451.030.928;2;7;373;4;;;
18-24;female;1624;1710;1.052.955.665;;;15.56;909.980.883;18;0.86448184;1.052.631.579;;;40;0.38901683;233.918.129;1;7;586;6;;1;155.606.731
55-64;female;619;619;1;1;15.56;15.56;2.513.731.826;19;0.81894737;3.069.466.882;1.92;0.161550889;28;0.55571429;452.342.488;;3;364;2;29.92;4;3.89
55-64;male;720;1002;1.391.666.667;1;15.55;15.55;1.551.896.208;21;0.74047619;2.095.808.383;2.89;0.099800399;36;0.43194444;359.281.437;;3;516;5;44.92;2;7.775
55-64;female;552;590;106.884.058;3;4.95;14.86;251.875.302;21;0.70764966;3.559.322.034;7.05;0.508474576;30;0.49535476;508.474.576;;4;305;2;104.76;5;297.212.856
65+;female;488;490;1.004.098.361;;;14.72;3.004.081.633;13;113.230.769;2.653.061.224;;;19;0.77473684;387.755.102;1;3;222;;;;
35-44;male;1488;1530;1.028.225.806;;;14.57;952.287.582;21;0.69380952;137.254.902;;;44;0.33113636;287.581.699;1;27;759;13;;1;14.57
18-24;male;992;1210;1.219.758.065;;;14.44;1.193.371.553;26;0.55537676;2.148.760.331;;;50;0.28879592;41.322.314;2;1;471;4;;11;131.270.871
18-24;female;1547;1547;1;;;13.70;885.585.003;22;0.62272727;1.422.107.304;;;49;0.27959184;316.742.081;;4;566;1;;1;13.7
35-44;male;1272;1361;1.069.968.553;;;12.78;938.970.607;14;0.91281357;10.286.554;;;18;0.70996611;132.255.694;;1;676;6;;8;159.742.374
45-54;unknown;576;717;1.244.791.667;;;12.64;1.762.900.976;11;114.909.091;1.534.170.153;;;21;0.60190476;292.887.029;;4;351;6;;;
55-64;female;468;515;110.042.735;2;6.31;12.62;2.450.485.437;16;0.78875;3.106.796.117;4.74;0.388349515;23;0.54869565;446.601.942;;3;248;;59.84;2;6.31
25-34;male;1168;1316;1.126.712.329;1;12.55;12.55;953.647.416;17;0.73823529;1.291.793.313;2.78;0.075987842;34;0.36911765;258.358.663;2;14;589;10;34.92;1;12.55
35-44;unknown;960;982;1.022.916.667;1;12.38;12.38;1.260.692.464;19;0.65157895;1.934.826.884;2.82;0.101832994;36;0.34388889;366.598.778;1;5;440;7;34.92;2;6.19
45-54;female;612;612;1;;;12.34;2.016.339.869;8;15.425;1.307.189.542;;;20;0.617;326.797.386;2;4;258;4;;1;12.34
35-44;male;1040;1196;1.15;2;5.97;11.93;997.491.639;22;0.54227273;1.839.464.883;5.02;0.16722408;38;0.31394737;317.725.753;;4;509;3;59.84;6;198.833.333
65+;female;472;543;1.150.423.729;;;11.76;2.165.745.856;10;1.176;1.841.620.626;;;20;0.588;368.324.125;1;4;232;4;;;
65+;male;32;385;1.203.125;;;11.27;2.927.304.582;6;187.835.377;1.558.441.558;;;15;0.75134151;38.961.039;2;3;188;;;;
65+;female;344;401;1.165.697.674;;;10.88;2.713.216.958;13;0.83692308;3.241.895.262;;;14;0.77714286;349.127.182;;;173;1;;1;10.88
45-54;male;560;892;1.592.857.143;;;10.84;1.215.246.637;9;120.444.444;100.896.861;;;21;0.51619048;235.426.009;2;1;404;3;;;
65+;female;389;389;1;;;10.28;2.642.673.522;8;1.285;205.655.527;;;12;0.85666667;30.848.329;;1;203;1;;2;5.14
65+;male;192;340;1.770.833.333;2;5.04;10.08;2.964.695.963;4;251.999.157;1.176.470.588;5.94;0.588235294;8;125.999.578;235.294.118;;3;160;1;59.84;4;251.999.157
18-24;female;1108;1108;1;;;10.00;902.595.063;12;0.83339611;1.083.032.491;;;23;0.43481536;207.581.227;;5;384;1;;;
35-44;unknown;352;647;1.838.068.182;1;9.85;9.85;1.522.427.695;12;0.82084227;1.854.714.065;3.04;0.154559505;33;0.2984881;510.046.368;1;1;238;;29.92;2;492.505.359
25-34;male;1344;1516;112.797.619;;;9.74;642.449.543;15;0.64930234;0.98944591;;;18;0.54108528;118.733.509;;3;668;7;;5;194.790.701
18-24;male;864;948;1.097.222.222;1;9.64;9.64;1.016.877.637;11;0.87636364;1.160.337.553;3.62;0.105485232;21;0.45904762;221.518.987;;5;377;3;34.92;2;4.82
55-64;male;480;533;1.110.416.667;;;9.62;1.804.878.049;10;0.962;1.876.172.608;;;18;0.53444444;337.711.069;;4;259;1;;;
65+;female;398;398;1;1;9.45;9.45;2.374.371.859;12;0.7875;3.015.075.377;3.17;0.251256281;22;0.42954545;552.763.819;;2;212;1;29.92;1;9.45
55-64;unknown;352;360;1.022.727.273;;;9.02;2.505.555.556;7;128.857.143;1.944.444.444;;;15;0.60133333;416.666.667;;2;179;4;;;
65+;female;389;389;1;1;9.01;9.01;23.162.554;15;0.60068223;3.856.041.131;3.32;0.257069409;21;0.42905874;539.845.758;;3;190;1;29.92;3;300.341.117
35-44;unknown;544;1099;2.020.220.588;2;4.49;8.99;818.010.158;20;0.44949658;1.819.836.215;6.66;0.181983621;47;0.19127514;42.766.151;;2;460;5;59.84;1;898.993.163
25-34;male;740;740;1;;;8.53;1.152.702.703;10;0.853;1.351.351.351;;;14;0.60928571;189.189.189;;3;317;4;;1;8.53
45-54;male;704;738;1.048.295.455;;;8.52;1.154.416.437;10;0.85195933;135.501.355;;;13;0.65535333;176.151.762;;2;439;4;;2;425.979.665
45-54;unknown;448;523;1.167.410.714;;;8.44;1.613.784.292;9;0.93778798;17.208.413;;;21;0.40190914;401.529.637;;2;220;;;3;281.336.395
35-44;male;704;852;1.210.227.273;1;8.40;8.40;985.915.493;15;0.56;176.056.338;3.56;0.117370892;27;0.31111111;316.901.408;;6;419;5;29.92;4;2.1
65+;male;256;292;1.140.625;1;8.30;8.30;2.842.465.753;6;138.333.333;2.054.794.521;5.41;0.342465753;15;0.55333333;51.369.863;;1;146;1;44.92;5;1.66
25-34;male;792;822;1.037.878.788;1;8.26;8.26;100.486.618;16;0.51625;1.946.472.019;3.62;0.121654501;30;0.27533333;364.963.504;3;6;378;7;29.92;2;4.13
45-54;unknown;192;599;3.119.791.667;2;4.13;8.26;1.378.954.455;15;0.55066248;2.504.173.623;7.24;0.333889816;22;0.37545169;367.278.798;1;1;298;1;59.84;4;20.649.843
55-64;female;278;279;1.003.597.122;1;8.25;8.25;2.957.211.996;6;137.510.358;2.150.537.634;5.44;0.358422939;8;103.132.768;286.738.351;;;131;;44.92;1;825.062.147
35-44;male;696;696;1;1;7.89;7.89;113.362.069;14;0.56357143;2.011.494.253;3.79;0.143678161;20;0.3945;287.356.322;;6;353;4;29.92;3;2.63
45-54;male;448;682;1.522.321.429;;;7.89;1.156.891.496;8;0.98625;1.173.020.528;;;20;0.3945;293.255.132;;6;312;3;;;
35-44;male;512;640;1.25;;;7.74;1.209.375;6;1.29;0.9375;;;8;0.9675;1.25;;3;325;5;;;
25-34;male;720;722;1.002.777.778;;;7.62;1.055.401.662;7;108.857.143;0.969529086;;;10;0.762;138.504.155;;;324;1;;;
25-34;male;672;843;1.254.464.286;;;7.47;886.120.996;9;0.83;1.067.615.658;;;24;0.31125;284.697.509;;3;351;2;;;
35-44;male;608;677;1.113.486.842;;;7.47;1.103.397.341;11;0.67909091;1.624.815.362;;;18;0.415;265.878.877;1;1;301;2;;2;3.735
35-44;male;585;585;1;;;7.43;127.008.547;1;7.43;0.170940171;;;2;3.715;0.34188034;1;;300;1;;;
35-44;male;632;650;1.028.481.013;;;7.14;1.098.461.538;7;1.02;1.076.923.077;;;11;0.64909091;169.230.769;1;3;325;1;;;
25-34;unknown;633;633;1;;;6.93;109.478.673;9;0.77;1.421.800.948;;;19;0.36473684;300.157.978;2;2;289;3;;3;2.31
65+;male;320;384;1.2;1;6.70;6.70;1.744.791.667;6;111.666.667;15.625;4.47;0.260416667;11;0.60909091;286.458.333;1;1;232;;29.92;2;3.35
45-54;male;353;353;1;1;6.58;6.58;1.864.022.663;9;0.73111111;2.549.575.071;4.55;0.283286119;16;0.41125;45.325.779;;3;182;2;29.92;3;219.333.333
35-44;male;552;602;109.057.971;;;6.57;109.139.041;7;0.93859575;1.162.790.698;;;10;0.65701703;166.112.957;2;5;275;2;;;
55-64;unknown;0;192;0;;;6.57;342.186.355;15;0.43799853;78.125;;;21;0.3128561;109.375;;1;98;;;2;328.498.901
55-64;unknown;242;242;1;;;6.54;2.702.508.748;5;130.801.423;2.066.115.702;;;10;0.65400712;41.322.314;;1;113;;;1;654.007.117
25-34;male;692;692;1;1;6.51;6.51;940.751.445;10;0.651;1.445.086.705;5.36;0.144508671;14;0.465;202.312.139;1;;310;1;34.92;1;6.51
25-34;male;600;676;1.126.666.667;1;6.42;6.42;949.704.142;15;0.428;2.218.934.911;5.44;0.147928994;19;0.33789474;281.065.089;;2;336;3;34.92;5;1.284
25-34;male;703;703;1;;;6.27;891.891.892;10;0.627;1.422.475.107;;;13;0.48230769;184.921.764;;3;297;1;;;
35-44;male;512;551;1.076.171.875;;;6.11;1.108.892.922;4;15.275;0.725952813;;;5;1.222;0.90744102;;1;272;1;;;
65+;male;224;444;1.982.142.857;;;6.06;1.364.854.485;10;0.60599539;2.252.252.252;;;16;0.37874712;36.036.036;1;2;239;;;;
25-34;male;672;707;1.052.083.333;;;6.03;852.899.576;2;3.015;0.282885431;;;2;3.015;0.28288543;;2;332;3;;;
45-54;unknown;176;277;1.573.863.636;1;5.99;5.99;2.162.424.293;5;119.798.306;1.805.054.152;5.00;0.36101083;10;0.59899153;36.101.083;;2;124;;29.92;1;598.991.529
18-24;female;676;702;1.038.461.538;;;5.96;849.002.849;10;0.596;1.424.501.425;;;23;0.25913043;327.635.328;;2;217;2;;2;2.98
25-34;male;648;682;1.052.469.136;;;5.93;869.524;9;0.65890596;1.319.648.094;;;13;0.45616567;190.615.836;;5;286;4;;;
35-44;male;380;408;1.073.684.211;1;5.89;5.89;14.436.899;6;0.98170913;1.470.588.235;5.08;0.245098039;9;0.65447275;220.588.235;;3;180;1;29.92;1;589.025.479
35-44;unknown;542;542;1;;;5.72;1.055.347.022;7;0.81714012;1.291.512.915;;;18;0.31777671;332.103.321;;2;202;3;;;
65+;female;192;210;109.375;1;5.70;5.70;2.714.285.714;8;0.7125;380.952.381;5.25;0.476190476;12;0.475;571.428.571;;1;112;2;29.92;2;2.85
25-34;male;596;596;1;;;5.61;941.275.168;7;0.80142857;1.174.496.644;;;11;0.51;184.563.758;;;266;2;;1;5.61
55-64;unknown;112;185;1.651.785.714;;;5.57;3.010.768.233;8;0.69624015;4.324.324.324;;;14;0.39785152;756.756.757;;1;99;1;;;
25-34;male;616;637;1.034.090.909;;;5.52;866.562.009;11;0.50181818;1.726.844.584;;;15;0.368;235.478.807;1;5;288;1;;1;5.52
35-44;male;551;551;1;;;5.47;992.740.472;7;0.78142857;1.270.417.423;;;7;0.78142857;127.041.742;;2;279;1;;1;5.47
18-24;male;384;745;1.940.104.167;;;5.35;718.118.403;14;0.38214158;1.879.194.631;;;22;0.243181;295.302.013;1;4;284;3;;;
25-34;male;456;536;1.175.438.596;1;5.15;5.15;960.820.896;5;1.03;0.932835821;6.78;0.186567164;7;0.73571429;130.597.015;;2;264;;34.92;2;2.575
45-54;male;336;432;1.285.714.286;;;4.96;1.148.148.148;4;1.24;0.925925926;;;11;0.45090909;25.462.963;1;2;195;;;1;4.96
35-44;male;656;656;1;1;4.95;4.95;754.573.171;9;0.55;137.195.122;6.04;0.152439024;16;0.309375;243.902.439;;6;327;2;29.92;2;2.475
35-44;male;500;509;1.018;;;4.95;972.495.088;6;0.825;1.178.781.925;;;10;0.495;196.463.654;;;255;;;;
25-34;male;414;414;1;2;2.46;4.91;1.185.990.338;6;0.81833333;1.449.275.362;14.22;0.483091787;6;0.81833333;144.927.536;;;199;1;69.84;2;2.455
55-64;female;176;183;1.039.772.727;;;4.90;2.677.595.628;4;1.225;218.579.235;;;6;0.81666667;327.868.852;1;2;87;;;;
18-24;male;368;443;1.203.804.348;;;4.88;1.101.580.135;8;0.61;1.805.869.074;;;12;0.40666667;270.880.361;;2;184;2;;;
65+;female;265;265;1;;;4.84;1.826.415.094;4;1.21;1.509.433.962;;;5;0.968;188.679.245;;2;127;;;2;2.42
35-44;male;357;357;1;;;4.81;1.347.338.936;12;0.40083333;3.361.344.538;;;17;0.28294118;476.190.476;2;3;179;1;;;
65+;male;80;219;27.375;;;4.79;2.187.214.612;6;0.79833333;2.739.726.027;;;10;0.479;456.621.005;;;98;;;1;4.79
25-34;male;331;331;1;;;4.70;1.420.001.001;5;0.94004066;1.510.574.018;;;11;0.42729121;332.326.284;1;3;152;4;;7;0.67145762
65+;female;212;227;1.070.754.717;;;4.69;206.616.867;5;0.93804058;2.202.643.172;;;7;0.67002898;308.370.044;;1;99;;;;
25-34;male;444;461;1.038.288.288;;;4.57;99.132.321;11;0.41545455;2.386.117.137;;;12;0.38083333;260.303.688;;1;233;8;;1;4.57
18-24;male;320;426;133.125;;;4.55;106.808.674;10;0.45500495;234.741.784;;;17;0.26764997;399.061.033;;1;168;;;1;455.004.951
45-54;unknown;256;307;119.921.875;;;4.53;1.475.565.095;5;0.90599697;1.628.664.495;;;9;0.50333165;293.159.609;;3;126;;;;
25-34;unknown;224;524;2.339.285.714;;;4.43;845.413.418;4;110.749.158;0.763358779;;;11;0.40272421;209.923.664;1;1;204;1;;1;442.996.631
55-64;male;283;283;1;;;4.39;1.551.162.702;4;109.744.761;1.413.427.562;;;5;0.87795809;176.678.445;;2;176;1;;;
45-54;male;328;375;1.143.292.683;;;4.37;1.165.333.333;4;10.925;1.066.666.667;;;8;0.54625;213.333.333;;3;206;;;;
25-34;male;688;735;1.068.313.953;;;4.36;593.197.279;4;1.09;0.544217687;;;5;0.872;0.68027211;1;4;341;4;;;
18-24;male;288;462;1.604.166.667;1;4.33;4.33;937.229.437;5;0.866;1.082.251.082;6.91;0.216450216;11;0.39363636;238.095.238;2;4;189;2;29.92;1;4.33
65+;unknown;32;155;484.375;;;4.30;2.774.193.548;1;4.3;0.64516129;;;2;2.15;129.032.258;;;82;;;;
35-44;unknown;200;329;1.645;;;4.28;1.300.893.457;2;213.996.974;0.607902736;;;10;0.42799395;303.951.368;;;145;;;;
45-54;male;292;292;1;;;4.26;1.458.941.919;7;0.6085872;2.397.260.274;;;9;0.4733456;308.219.178;;2;149;1;;;
45-54;male;272;329;1.209.558.824;;;4.23;1.285.714.286;6;0.705;1.823.708.207;;;6;0.705;182.370.821;;1;194;;;;
18-24;male;552;698;1.264.492.754;;;4.22;604.555.668;7;0.60282837;100.286.533;;;9;0.46886651;128.939.828;;3;332;1;;1;421.979.856
35-44;unknown;192;302;1.572.916.667;;;4.15;1.374.172.185;4;10.375;1.324.503.311;;;11;0.37727273;364.238.411;1;2;133;2;;2;2.075
45-54;male;292;292;1;;;4.09;1.400.684.932;;;;;;0;;0;;;147;;;;
35-44;male;256;372;1.453.125;;;4.07;1.094.086.022;4;10.175;1.075.268.817;;;4;10.175;107.526.882;;1;181;;;1;4.07
35-44;unknown;240;300;1.25;;;4.03;1.343.333.333;10;0.403;3.333.333.333;;;23;0.17521739;766.666.667;1;2;118;2;;1;4.03
45-54;male;267;267;1;;;3.96;1.483.146.067;5;0.792;1.872.659.176;;;6;0.66;224.719.101;;1;148;1;;;
35-44;male;348;407;116.954.023;;;3.94;968.058.968;9;0.43777778;2.211.302.211;;;12;0.32833333;294.840.295;;1;228;4;;2;1.97
45-54;unknown;192;281;1.463.541.667;;;3.81;1.355.871.886;6;0.635;2.135.231.317;;;11;0.34636364;391.459.075;;;132;;;;
25-34;unknown;192;338;1.760.416.667;1;3.71;3.71;1.097.633.136;4;0.9275;1.183.431.953;8.06;0.295857988;15;0.24733333;443.786.982;1;1;133;;29.92;2;1.855
25-34;unknown;64;337;5.265.625;1;3.69;3.69;1.094.951.826;5;0.73799753;1.483.679.525;8.11;0.296735905;11;0.33545342;326.409.496;;1;107;;29.92;4;0.92249691
45-54;male;192;242;1.260.416.667;;;3.63;15;5;0.726;2.066.115.702;;;9;0.40333333;371.900.826;;1;109;;;;
25-34;female;389;392;1.007.712.082;;;3.54;903.061.224;2;1.77;0.510204082;;;3;1.18;0.76530612;;3;132;;;2;1.77
35-44;unknown;256;305;119.140.625;;;3.46;113.442.623;4;0.865;131.147.541;;;8;0.4325;262.295.082;;1;107;;;;
45-54;male;196;214;1.091.836.735;;;3.41;1.593.526.874;4;0.85253688;1.869.158.879;;;6;0.56835792;280.373.832;;4;110;2;;1;341.014.751
55-64;unknown;32;219;684.375;;;3.41;1.557.065.784;5;0.68199481;2.283.105.023;;;9;0.37888601;410.958.904;;1;124;;;;
25-34;unknown;160;211;131.875;2;1.67;3.35;1.587.655.273;4;0.83748816;1.895.734.597;17.86;0.947867299;8;0.41874408;379.146.919;;;79;1;59.84;2;167.497.631
35-44;male;329;329;1;;;3.32;1.009.118.541;5;0.664;1.519.756.839;;;4;0.83;121.580.547;;;150;1;;;
35-44;unknown;240;318;1.325;;;3.31;1.040.880.503;4;0.8275;1.257.861.635;;;9;0.36777778;283.018.868;;;132;1;;;
55-64;unknown;96;130;1.354.166.667;;;3.29;2.530.769.231;2;1.645;1.538.461.538;;;2;1.645;153.846.154;;;54;;;;
45-54;unknown;112;206;1.839.285.714;1;3.22;3.22;1.563.106.796;7;0.46;3.398.058.252;9.29;0.485436893;12;0.26833333;582.524.272;1;2;103;;29.92;4;0.805
45-54;male;272;272;1;;;3.21;1.180.147.059;3;1.07;1.102.941.176;;;4;0.8025;147.058.824;;;149;;;;
35-44;unknown;184;285;1.548.913.043;;;3.17;1.112.280.702;3;105.666.667;1.052.631.579;;;9;0.35222222;315.789.474;;1;104;1;;;
18-24;male;320;503;1.571.875;2;1.57;3.14;624.249.726;12;0.26166468;2.385.685.885;19.06;0.397614314;21;0.14952267;41.749.503;1;2;201;;59.84;2;156.998.806
35-44;female;297;300;101.010.101;;;3.06;10.2;4;0.765;1.333.333.333;;;5;0.612;166.666.667;;3;116;1;;1;3.06
55-64;male;136;144;1.058.823.529;;;3.04;2.111.111.111;2;1.52;1.388.888.889;;;4;0.76;277.777.778;;1;72;;;;
65+;unknown;96;137;1.427.083.333;;;3.03;22.117.029;5;0.60600659;3.649.635.036;;;7;0.43286185;510.948.905;;1;57;;;;
45-54;male;293;293;1;;;3.03;1.034.129.693;1;3.03;0.341296928;;;5;0.606;170.648.464;;5;150;1;;;
55-64;male;210;210;1;;;3.02;1.438.095.238;3;100.666.667;1.428.571.429;;;4;0.755;19.047.619;;;86;1;;;
45-54;male;285;285;1;;;2.98;1.045.614.035;1;2.98;0.350877193;;;2;1.49;0.70175439;;1;150;1;;;
18-24;male;192;213;1.109.375;;;2.93;1.375.586.854;2;1.465;0.938967136;;;2;1.465;0.93896714;;;72;;;;
55-64;male;96;144;1.5;;;2.92;2.027.777.778;5;0.584;3.472.222.222;;;9;0.32444444;6.25;;;75;2;;;
65+;female;114;120;1.052.631.579;;;2.87;239.184.683;1;28.702.162;0.833333333;;;4;0.71755405;333.333.333;;;49;;;;
25-34;unknown;192;262;1.364.583.333;;;2.87;1.095.419.847;1;2.87;0.381679389;;;4;0.7175;152.671.756;;;96;;;;
25-34;female;291;291;1;;;2.81;965.635.739;2;1.405;0.687285223;;;4;0.7025;137.457.045;;1;125;1;;;
45-54;male;152;156;1.026.315.789;;;2.80;1.794.871.795;2;1.4;1.282.051.282;;;6;0.46666667;384.615.385;;1;79;;;;
45-54;male;280;284;1.014.285.714;;;2.73;961.267.606;3;0.91;1.056.338.028;;;4;0.6825;14.084.507;;;160;;;;
55-64;male;132;132;1;;;2.71;205.308.351;4;0.67751756;303.030.303;;;4;0.67751756;303.030.303;;1;66;;;;
25-34;male;296;321;1.084.459.459;;;2.70;841.121.495;3;0.9;0.934579439;;;4;0.675;124.610.592;1;2;150;1;;;
35-44;male;275;275;1;;;2.68;974.618.867;4;0.67005047;1.454.545.455;;;8;0.33502524;290.909.091;;2;138;2;;;
35-44;male;192;297;1.546.875;;;2.67;898.989.899;1;2.67;0.336700337;;;3;0.89;101.010.101;;2;111;;;;
65+;unknown;88;92;1.045.454.545;;;2.65;2.880.394.048;2;132.498.126;2.173.913.043;;;3;0.88332084;326.086.957;;1;51;1;;1;264.996.252
55-64;male;136;174;1.279.411.765;;;2.60;1.494.252.874;1;2.6;0.574712644;;;2;1.3;114.942.529;;;90;1;;;
25-34;male;278;278;1;;;2.57;924.530.071;3;0.8567312;1.079.136.691;;;7;0.36717051;251.798.561;;2;127;1;;;
25-34;unknown;160;221;138.125;2;1.26;2.52;1.140.271.493;9;0.28;407.239.819;25.73;0.904977376;13;0.19384615;588.235.294;;1;89;1;64.84;3;0.84
55-64;unknown;32;77;240.625;1;2.50;2.50;3.246.753.247;2;1.25;2.597.402.597;11.97;1.298.701.299;5;0.5;649.350.649;;;38;;29.92;2;1.25
45-54;male;188;218;1.159.574.468;;;2.50;1.146.788.991;3;0.83333333;1.376.146.789;;;4;0.625;183.486.239;;;122;;;;
45-54;female;149;149;1;;;2.49;167.114.094;1;2.49;0.67114094;;;2;1.245;134.228.188;;3;67;;;;
18-24;male;184;248;1.347.826.087;;;2.41;971.774.194;3;0.80333333;1.209.677.419;;;4;0.6025;161.290.323;1;1;124;2;;;
25-34;unknown;288;309;1.072.916.667;;;2.39;7.734.712;2;1.195.013;0.647249191;;;13;0.18384815;420.711.974;;1;123;;;;
45-54;male;208;213;1.024.038.462;;;2.34;1.098.591.549;3;0.78;1.408.450.704;;;5;0.468;234.741.784;;;127;1;;;
65+;male;155;155;1;;;2.33;1.503.154.051;;;;;;0;;0;;;89;;;;
18-24;male;144;268;1.861.111.111;;;2.32;865.671.642;4;0.58;1.492.537.313;;;9;0.25777778;335.820.896;;2;125;3;;;
35-44;unknown;112;139;1.241.071.429;;;2.31;1.661.870.504;;;;;;1;2.31;0.71942446;;;48;;;;
18-24;male;160;236;1.475;1;2.29;2.29;970.338.983;5;0.458;2.118.644.068;15.25;0.423728814;6;0.38166667;254.237.288;;1;126;1;34.92;2;1.145
18-24;male;184;242;1.315.217.391;;;2.27;938.016.529;4;0.5675;1.652.892.562;;;5;0.454;20.661.157;;1;131;1;;;
18-24;male;256;292;1.140.625;;;2.24;767.123.288;1;2.24;0.342465753;;;3;0.74666667;102.739.726;;1;108;;;;
55-64;male;152;152;1;;;2.23;1.467.105.263;1;2.23;0.657894737;;;2;1.115;131.578.947;;;93;;;;
18-24;male;364;376;1.032.967.033;;;2.23;593.085.106;3;0.74333333;0.79787234;;;4;0.5575;106.382.979;;2;178;1;;;
35-44;female;117;117;1;;;2.23;1.905.982.906;1;2.23;0.854700855;;;1;2.23;0.85470085;;1;41;;;;
45-54;unknown;96;150;15.625;;;2.16;14.4;;;;;;4;0.54;266.666.667;;1;68;2;;;
18-24;male;160;231;144.375;;;2.15;930.735.931;3;0.71666667;1.298.701.299;;;4;0.5375;173.160.173;;1;92;1;;;
45-54;male;128;154;1.203.125;;;2.13;1.383.116.883;3;0.71;1.948.051.948;;;3;0.71;194.805.195;;;95;;;;
45-54;unknown;144;157;1.090.277.778;;;2.12;1.350.318.471;2;1.06;127.388.535;;;6;0.35333333;382.165.605;;1;62;;;;
55-64;male;75;75;1;;;2.12;2.826.666.667;2;1.06;2.666.666.667;;;2;1.06;266.666.667;;;37;;;1;2.12
55-64;male;112;130;1.160.714.286;;;2.07;1.592.307.692;;;;;;3;0.69;230.769.231;;;82;1;;;
35-44;female;112;113;1.008.928.571;1;2.02;2.02;1.787.610.619;4;0.505;3.539.823.009;17.29;0.884955752;5;0.404;442.477.876;;1;47;;34.92;3;0.67333333
55-64;male;136;144;1.058.823.529;;;1.99;1.381.944.444;4;0.4975;2.777.777.778;;;7;0.28428571;486.111.111;;;78;1;;;
55-64;male;85;85;1;;;1.98;2.329.512.531;3;0.66002855;3.529.411.765;;;5;0.39601713;588.235.294;;;44;;;;
65+;unknown;96;106;1.104.166.667;;;1.96;1.849.042.542;1;195.998.509;0.943396226;;;5;0.39199702;471.698.113;;;51;;;;
55-64;unknown;40;43;1.075;;;1.95;4.534.883.721;2;0.975;4.651.162.791;;;3;0.65;697.674.419;;1;23;;;1;1.95
25-34;male;192;248;1.291.666.667;;;1.94;782.258.065;8;0.2425;3.225.806.452;;;13;0.14923077;524.193.548;;1;108;;;;
25-34;female;213;213;1;;;1.92;901.408.451;1;1.92;0.469483568;;;2;0.96;0.93896714;;1;76;2;;1;1.92
25-34;unknown;160;191;119.375;;;1.88;984.293.194;8;0.235;4.188.481.675;;;13;0.14461538;680.628.272;;1;78;1;;;
65+;male;80;111;13.875;;;1.88;1.693.693.694;2;0.94;1.801.801.802;;;3;0.62666667;27.027.027;;;53;2;;;
65+;male;63;63;1;;;1.88;2.984.126.984;4;0.47;6.349.206.349;;;5;0.376;793.650.794;;;33;1;;1;1.88
55-64;male;92;106;1.152.173.913;;;1.87;1.764.150.943;1;1.87;0.943396226;;;2;0.935;188.679.245;;;73;;;;
55-64;male;84;92;1.095.238.095;;;1.85;2.010.869.565;3;0.61666667;3.260.869.565;;;3;0.61666667;326.086.957;;;54;;;;
65+;female;74;74;1;;;1.84;2.486.486.486;2;0.92;2.702.702.703;;;3;0.61333333;405.405.405;;;33;;;;
45-54;female;58;58;1;;;1.82;3.137.931.034;;;;;;0;;0;;;19;;;;
65+;unknown;32;79;246.875;1;1.82;1.82;2.303.797.468;4;0.455;5.063.291.139;16.44;1.265.822.785;7;0.26;886.075.949;;1;43;1;29.92;2;0.91
18-24;male;204;206;1.009.803.922;;;1.79;868.932.039;2;0.895;0.970873786;;;2;0.895;0.97087379;;;97;2;;;
18-24;male;208;222;1.067.307.692;;;1.78;801.801.802;3;0.59333333;1.351.351.351;;;7;0.25428571;315.315.315;;1;87;1;;;
35-44;unknown;135;135;1;1;1.77;1.77;1.311.048.526;4;0.44247888;2.962.962.963;16.90;0.740740741;6;0.29498592;444.444.444;;;64;1;29.92;1;176.991.551
45-54;male;115;115;1;;;1.73;1.504.461.148;1;173.013.032;0.869565217;;;4;0.43253258;347.826.087;1;;52;1;;;
18-24;male;96;241;2.510.416.667;;;1.73;717.842.324;3;0.57666667;1.244.813.278;;;3;0.57666667;124.481.328;;;113;;;;
18-24;male;160;231;144.375;;;1.70;735.949.808;5;0.34000881;2.164.502.165;;;6;0.28334068;25.974.026;;;91;1;;;
55-64;male;137;137;1;;;1.69;1.233.576.642;1;1.69;0.729927007;;;2;0.845;145.985.401;;;95;;;;
45-54;unknown;88;114;1.295.454.545;;;1.62;1.421.052.632;2;0.81;1.754.385.965;;;4;0.405;350.877.193;;;38;;;;
25-34;female;178;178;1;;;1.58;887.640.449;;;;;;0;;0;;;68;;;;
55-64;male;104;107;1.028.846.154;;;1.57;146.728.972;1;1.57;0.934579439;;;1;1.57;0.93457944;;;66;1;;;
65+;unknown;90;90;1;;;1.57;1.744.438.608;;;;;;1;156.999.475;111.111.111;;;23;;;;
18-24;male;209;209;1;;;1.53;732.057.416;3;0.51;1.435.406.699;;;6;0.255;28.708.134;;1;84;3;;;
25-34;unknown;80;192;2.4;;;1.50;78.125;3;0.5;15.625;;;5;0.3;260.416.667;;;75;1;;;
25-34;male;126;126;1;;;1.45;1.150.793.651;3;0.48333333;2.380.952.381;;;6;0.24166667;476.190.476;;1;51;;;;
18-24;male;108;118;1.092.592.593;;;1.44;1.220.391.773;1;144.006.229;0.847457627;;;2;0.72003115;169.491.525;;;50;;;;
65+;unknown;32;45;140.625;;;1.44;32;1;1.44;2.222.222.222;;;2;0.72;444.444.444;;;22;;;;
55-64;unknown;64;89;1.390.625;;;1.43;1.606.741.573;1;1.43;1.123.595.506;;;3;0.47666667;337.078.652;;1;43;;;;
18-24;male;176;206;1.170.454.545;;;1.39;674.757.282;4;0.3475;1.941.747.573;;;4;0.3475;194.174.757;;1;104;1;;;
55-64;unknown;32;96;3;;;1.36;1.416.666.667;3;0.45333333;3.125;;;4;0.34;416.666.667;;;42;;;;
55-64;male;80;80;1;;;1.35;16.875;;;;;;1;1.35;1.25;;;62;;;;
35-44;unknown;112;117;1.044.642.857;;;1.34;1.145.299.145;1;1.34;0.854700855;;;1;1.34;0.85470085;;;46;;;;
45-54;unknown;52;52;1;1;1.34;1.34;2.576.923.077;2;0.67;3.846.153.846;22.33;1.923.076.923;3;0.44666667;576.923.077;;1;31;;29.92;1;1.34
18-24;male;123;123;1;;;1.32;1.073.170.732;;;;;;2;0.66;162.601.626;;;59;1;;;
65+;unknown;64;87;1.359.375;;;1.31;1.505.747.126;1;1.31;1.149.425.287;;;3;0.43666667;344.827.586;;1;29;;;;
25-34;female;140;140;1;;;1.31;935.714.286;;;;;;0;;0;;1;48;2;;;
65+;male;53;53;1;;;1.29;2.433.962.264;2;0.645;3.773.584.906;;;3;0.43;566.037.736;;;34;1;;;
35-44;male;130;140;1.076.923.077;;;1.28;914.285.714;;;;;;2;0.64;142.857.143;;1;66;1;;;
18-24;male;104;121;1.163.461.538;;;1.28;105.785.124;3;0.42666667;2.479.338.843;;;7;0.18285714;578.512.397;;;52;;;1;1.28
45-54;unknown;72;93;1.291.666.667;;;1.27;1.365.591.398;2;0.635;2.150.537.634;;;2;0.635;215.053.763;;;47;;;1;1.27
25-34;unknown;120;121;1.008.333.333;;;1.26;1.041.272.607;3;0.41997995;2.479.338.843;;;3;0.41997995;247.933.884;;1;53;1;;;
35-44;unknown;88;88;1;;;1.25;1.420.491.358;1;12.500.324;1.136.363.636;;;2;0.6250162;227.272.727;;;34;;;;
18-24;unknown;117;117;1;;;1.20;1.025.641.026;1;1.2;0.854700855;;;6;0.2;512.820.513;;;37;;;1;1.2
65+;male;56;65;1.160.714.286;;;1.18;1.815.384.615;;;;;;1;1.18;153.846.154;;;37;;;;
45-54;unknown;78;78;1;;;1.16;1.487.108.498;3;0.38664821;3.846.153.846;;;3;0.38664821;384.615.385;;1;46;;;;
55-64;female;30;30;1;;;1.11;37;1;1.11;3.333.333.333;;;1;1.11;333.333.333;;;13;;;;
25-34;unknown;90;90;1;;;1.10;1.222.253.897;1;110.002.851;1.111.111.111;;;3;0.36667617;333.333.333;;1;32;;;;
25-34;unknown;100;100;1;;;1.10;11;2;0.55;2;;;3;0.36666667;3;;2;43;1;;1;1.1
45-54;unknown;32;32;1;;;1.09;340.625;;;;;;0;;0;;;10;;;;
18-24;unknown;134;134;1;;;1.08;80.596.402;4;0.26999795;2.985.074.627;;;7;0.15428454;52.238.806;;;55;;;;
55-64;male;109;109;1;;;1.06;972.477.064;2;0.53;1.834.862.385;;;4;0.265;366.972.477;;1;72;;;;
18-24;male;172;184;1.069.767.442;;;1.06;576.086.957;2;0.53;1.086.956.522;;;4;0.265;217.391.304;;;75;1;;;
18-24;female;112;112;1;;;1.05;9.375;2;0.525;1.785.714.286;;;3;0.35;267.857.143;;;35;;;2;0.525
25-34;unknown;32;88;2.75;;;1.05;1.193.181.818;3;0.35;3.409.090.909;;;4;0.2625;454.545.455;;;35;;;;
65+;male;56;61;1.089.285.714;;;1.03;168.852.459;;;;;;0;;0;;;40;;;;
18-24;unknown;64;100;15.625;;;1.02;1.019.996.587;1;101.999.659;1;;;5;0.20399932;5;;;36;;;2;0.50999829
65+;male;39;39;1;;;1.01;258.974.359;1;1.01;2.564.102.564;;;1;1.01;256.410.256;;;24;;;;
55-64;male;32;32;1;;;0.99;309.375;2;0.495;6.25;;;3;0.33;9.375;;;13;;;;
55-64;male;91;91;1;;;0.98;1.076.923.077;2;0.49;2.197.802.198;;;3;0.32666667;32.967.033;;;56;;;1;0.98
55-64;male;64;81;1.265.625;;;0.98;1.209.876.543;2;0.49;2.469.135.802;;;2;0.49;24.691.358;;;63;;;;
45-54;male;60;61;1.016.666.667;;;0.98;1.606.557.377;;;;;;1;0.98;163.934.426;;1;28;;;;
65+;male;65;65;1;;;0.96;1.476.923.077;3;0.32;4.615.384.615;;;5;0.192;769.230.769;;1;45;;;;
45-54;unknown;48;48;1;;;0.96;20;1;0.96;2.083.333.333;;;2;0.48;416.666.667;;;25;;;;
18-24;unknown;32;97;303.125;;;0.94;969.072.165;1;0.94;1.030.927.835;;;3;0.31333333;309.278.351;;;41;1;;;
65+;male;88;88;1;;;0.93;1.056.818.182;;;;;;0;;0;;1;62;;;;
25-34;female;122;122;1;;;0.93;762.295.082;1;0.93;0.819672131;;;2;0.465;163.934.426;;;45;1;;;
35-44;unknown;90;90;1;;;0.91;1.011.111.111;3;0.30333333;3.333.333.333;;;3;0.30333333;333.333.333;;;44;1;;;
18-24;unknown;64;85;1.328.125;;;0.89;1.047.070.218;1;0.89000969;1.176.470.588;;;4;0.22250242;470.588.235;;1;28;;;;
65+;male;52;53;1.019.230.769;;;0.89;1.679.245.283;1;0.89;1.886.792.453;;;0;;0;;;31;;;;
18-24;female;166;167;1.006.024.096;;;0.88;526.946.108;2;0.44;119.760.479;;;4;0.22;239.520.958;;;56;;;;
35-44;unknown;44;44;1;;;0.87;1.977.272.727;2;0.435;4.545.454.545;;;3;0.29;681.818.182;;;20;;;;
45-54;female;9;9;1;;;0.87;9.666.666.667;1;0.87;1.111.111.111;;;1;0.87;1.111.111.111;;;3;;;;
55-64;male;42;42;1;;;0.85;2.023.961.977;;;;;;0;;0;;;24;;;;
35-44;unknown;40;52;1.3;;;0.84;1.615.384.615;1;0.84;1.923.076.923;;;1;0.84;192.307.692;;;22;;;;
18-24;female;169;171;101.183.432;;;0.84;49.122.807;;;;;;1;0.84;0.58479532;;;48;;;;
65+;male;32;48;1.5;;;0.82;1.708.377.607;1;0.82002125;2.083.333.333;;;1;0.82002125;208.333.333;;;21;;;1;0.82002125
65+;male;78;78;1;;;0.82;1.051.282.051;;;;;;0;;0;;;44;;;;
25-34;unknown;68;68;1;;;0.79;1.161.764.706;;;;;;0;;0;;;23;;;;
25-34;female;81;82;1.012.345.679;1;0.79;0.79;963.414.634;2;0.395;243.902.439;44.20;1.219.512.195;2;0.395;243.902.439;;;34;;34.92;2;0.395
35-44;female;52;52;1;;;0.79;1.519.230.769;1;0.79;1.923.076.923;;;1;0.79;192.307.692;;;19;;;1;0.79
65+;male;40;41;1.025;;;0.78;190.252.132;2;0.39001687;487.804.878;;;3;0.26001125;731.707.317;;;20;;;;
65+;male;63;63;1;;;0.78;1.238.095.238;1;0.78;1.587.301.587;;;1;0.78;158.730.159;;;42;;;;
35-44;unknown;28;40;1.428.571.429;;;0.75;18.75;1;0.75;2.5;;;1;0.75;2.5;;;20;;;;
25-34;unknown;32;46;14.375;;;0.75;1.630.434.783;;;;;;0;;0;;;18;;;;
55-64;unknown;0;35;0;;;0.75;2.142.754.855;;;;;;0;;0;;;21;;;;
65+;male;40;59;1.475;;;0.74;1.254.237.288;2;0.37;3.389.830.508;;;5;0.148;847.457.627;1;;38;;;;
35-44;female;80;80;1;;;0.73;9.125;;;;;;0;;0;;;25;;;;
55-64;unknown;16;16;1;;;0.71;44.375;;;;;;0;;0;;;7;;;;
18-24;male;56;81;1.446.428.571;;;0.71;87.654.321;;;;;;1;0.71;12.345.679;;;33;2;;;
35-44;unknown;56;71;1.267.857.143;;;0.68;957.746.479;;;;;;1;0.68;14.084.507;;1;26;;;;
45-54;unknown;30;30;1;;;0.67;2.233.429.943;3;0.22334299;10;;;3;0.22334299;10;;;18;;;;
35-44;unknown;50;50;1;;;0.67;13.4;;;;;;0;;0;;;28;;;;
35-44;female;76;76;1;;;0.66;868.421.053;;;;;;0;;0;;1;28;;;;
65+;male;54;54;1;;;0.66;1.222.222.222;;;;;;0;;0;;;34;;;;
45-54;unknown;31;31;1;;;0.66;2.129.032.258;;;;;;0;;0;;;17;;;;
25-34;female;96;96;1;;;0.65;677.083.333;;;;;;2;0.325;208.333.333;1;;37;;;;
55-64;female;15;15;1;;;0.64;4.266.666.667;;;;;;0;;0;;;6;;;;
25-34;unknown;54;54;1;;;0.64;1.185.185.185;1;0.64;1.851.851.852;;;1;0.64;185.185.185;;;27;;;1;0.64
45-54;unknown;34;34;1;;;0.63;1.852.989.198;;;;;;0;;0;;;15;;;;
18-24;male;76;84;1.105.263.158;;;0.62;738.150.838;;;;;;0;;0;;1;28;;;;
55-64;unknown;14;14;1;;;0.62;4.428.571.429;;;;;;0;;0;;;10;;;;
35-44;unknown;44;44;1;;;0.62;1.409.090.909;1;0.62;2.272.727.273;;;1;0.62;227.272.727;;1;15;;;;
35-44;unknown;44;51;1.159.090.909;;;0.62;1.215.686.275;;;;;;1;0.62;196.078.431;;;19;;;;
35-44;female;45;45;1;;;0.62;1.377.777.778;;;;;;0;;0;;;10;;;;
45-54;unknown;16;20;1.25;;;0.61;30.5;;;;;;0;;0;;;12;;;;
25-34;female;67;67;1;;;0.60;895.522.388;;;;;;0;;0;;;12;;;;
65+;male;49;49;1;;;0.59;1.204.081.633;1;0.59;2.040.816.327;;;1;0.59;204.081.633;;;29;1;;;
18-24;unknown;16;59;36.875;;;0.59;10;;;;;;1;0.59;169.491.525;;;18;;;;
18-24;female;78;79;1.012.820.513;;;0.58;734.177.215;2;0.29;253.164.557;;;3;0.19333333;379.746.835;;1;28;;;;
65+;female;7;8;1.142.857.143;;;0.57;71.25;;;;;;0;;0;;;;;;;
65+;unknown;8;9;1.125;;;0.57;6.333.333.333;;;;;;1;0.57;1.111.111.111;;;7;;;;
25-34;unknown;39;39;1;;;0.57;1.461.538.462;;;;;;0;;0;;;14;;;;
35-44;unknown;35;35;1;;;0.56;1.600.120.527;1;0.56004218;2.857.142.857;;;1;0.56004218;285.714.286;;1;18;;;;
18-24;unknown;95;95;1;;;0.56;589.473.684;;;;;;0;;0;;;34;;;;
35-44;unknown;32;47;146.875;;;0.55;1.170.212.766;;;;;;1;0.55;212.765.957;;;17;;;;
65+;male;30;30;1;;;0.54;18;1;0.54;3.333.333.333;;;1;0.54;333.333.333;;;14;;;;
65+;male;42;42;1;;;0.52;1.238.095.238;1;0.52;2.380.952.381;;;2;0.26;476.190.476;;;30;;;;
18-24;female;88;89;1.011.363.636;;;0.51;573.033.708;;;;;;0;;0;;;23;;;;
25-34;unknown;29;29;1;;;0.51;175.862.069;;;;;;1;0.51;344.827.586;;;10;;;;
45-54;unknown;12;20;1.666.666.667;;;0.49;24.5;1;0.49;5;;;1;0.49;5;;;8;;;1;0.49
35-44;female;71;71;1;;;0.49;690.140.845;;;;;;1;0.49;14.084.507;;;25;;;;
45-54;female;29;29;1;;;0.49;1.689.655.172;1;0.49;3.448.275.862;;;1;0.49;344.827.586;;1;14;;;;
25-34;unknown;48;57;11.875;;;0.48;842.105.263;;;;;;0;;0;;;22;;;;
35-44;unknown;53;53;1;;;0.48;905.660.377;2;0.24;3.773.584.906;;;3;0.16;566.037.736;;;21;;;;
45-54;unknown;8;18;2.25;;;0.47;2.611.111.111;1;0.47;5.555.555.556;;;1;0.47;555.555.556;;;12;;;;
45-54;unknown;29;29;1;;;0.47;1.620.689.655;;;;;;0;;0;;;20;;;;
55-64;unknown;12;13;1.083.333.333;;;0.46;3.538.461.538;;;;;;0;;0;;;9;;;;
25-34;unknown;41;41;1;;;0.46;112.195.122;;;;;;0;;0;;;13;;;;
55-64;unknown;8;17;2.125;;;0.46;2.705.882.353;;;;;;0;;0;;;9;;;;
25-34;unknown;44;47;1.068.181.818;;;0.45;957.446.809;;;;;;0;;0;;1;19;1;;;
45-54;unknown;16;17;10.625;;;0.44;2.588.235.294;1;0.44;5.882.352.941;;;2;0.22;1.176.470.588;;1;8;;;;
18-24;unknown;8;40;5;;;0.44;1.099.984.444;1;0.43999378;2.5;;;2;0.21999689;5;;;17;;;;
25-34;unknown;30;30;1;;;0.43;1.433.441.306;;;;;;2;0.2150162;666.666.667;;2;17;1;;;
25-34;female;77;77;1;;;0.43;558.441.558;;;;;;0;;0;;2;28;1;;;
35-44;unknown;38;38;1;;;0.42;110.531.097;;;;;;0;;0;;;14;;;;
25-34;unknown;38;38;1;;;0.42;1.105.263.158;;;;;;0;;0;;;17;;;;
25-34;unknown;40;52;1.3;;;0.41;788.461.538;;;;;;0;;0;1;1;23;;;;
55-64;unknown;0;25;0;;;0.41;16.4;1;0.41;4;;;1;0.41;4;;;13;;;;
25-34;unknown;36;39;1.083.333.333;;;0.40;1.025.685.393;;;;;;0;;0;;;13;;;;
35-44;unknown;24;28;1.166.666.667;;;0.40;1.428.571.429;;;;;;0;;0;;;10;;;;
45-54;female;16;16;1;;;0.40;25;;;;;;0;;0;;;4;;;;
35-44;female;54;55;1.018.518.519;;;0.39;709.090.909;1;0.39;1.818.181.818;;;1;0.39;181.818.182;;1;19;;;;
45-54;female;24;24;1;;;0.39;16.25;1;0.39;4.166.666.667;;;1;0.39;416.666.667;;1;11;;;;
45-54;unknown;20;20;1;;;0.39;19.5;;;;;;1;0.39;5;;;9;1;;;
45-54;unknown;12;16;1.333.333.333;;;0.38;2.375.178.908;1;0.38002863;6.25;;;1;0.38002863;6.25;;;10;;;;
18-24;male;42;43;1.023.809.524;;;0.38;88.372.093;;;;;;0;;0;;;16;1;;;
25-34;unknown;35;35;1;;;0.38;1.085.714.286;;;;;;0;;0;;;16;;;;
45-54;unknown;16;27;16.875;;;0.37;137.037.037;;;;;;0;;0;;;15;;;;
55-64;unknown;8;14;1.75;;;0.36;2.571.428.571;;;;;;0;;0;;;8;;;;
35-44;female;35;35;1;;;0.36;1.028.571.429;1;0.36;2.857.142.857;;;1;0.36;285.714.286;;1;19;;;;
18-24;female;39;39;1;;;0.36;923.076.923;;;;;;0;;0;;;10;;;;
65+;unknown;20;20;1;;;0.36;1.799.914.078;1;0.35998282;5;;;2;0.17999141;10;;;13;;;;
18-24;unknown;40;65;1.625;;;0.36;553.819.716;2;0.17999141;3.076.923.077;;;2;0.17999141;307.692.308;;;23;;;1;0.35998282
55-64;unknown;10;10;1;;;0.35;35;;;;;;0;;0;;;6;;;;
18-24;unknown;25;25;1;;;0.34;1.360.035.246;1;0.34000881;4;;;2;0.17000441;8;;;12;;;;
45-54;unknown;12;18;1.5;;;0.34;1.888.888.889;;;;;;0;;0;;;10;;;;
65+;female;17;17;1;;;0.34;20;;;;;;0;;0;;;6;;;;
25-34;unknown;27;27;1;;;0.33;1.222.222.222;;;;;;0;;0;;;8;;;;
18-24;unknown;16;40;2.5;;;0.32;8;;;;;;0;;0;;;14;;;;
55-64;female;4;4;1;;;0.32;80;;;;;;0;;0;;;2;;;;
35-44;unknown;24;39;1.625;;;0.32;820.512.821;;;;;;0;;0;;;22;;;;
55-64;female;12;12;1;;;0.31;2.583.333.333;;;;;;0;;0;;;7;;;;
45-54;female;36;36;1;;;0.31;861.111.111;;;;;;0;;0;;;13;;;;
18-24;unknown;36;36;1;;;0.30;833.333.333;;;;;;2;0.15;555.555.556;;1;19;;;;
65+;male;22;22;1;;;0.28;1.272.823.147;1;0.28002109;4.545.454.545;;;2;0.14001055;909.090.909;;;15;;;;
55-64;unknown;0;12;0;;;0.28;2.333.393.804;;;;;;0;;0;;;4;;;;
55-64;unknown;19;19;1;;;0.28;1.473.684.211;;;;;;0;;0;;;13;;;;
55-64;unknown;4;8;2;;;0.27;3.375.145.996;;;;;;0;;0;;;2;;;;
25-34;unknown;18;24;1.333.333.333;;;0.27;11.25;1;0.27;4.166.666.667;;;3;0.09;12.5;;1;13;;;;
18-24;female;58;58;1;;;0.26;448.275.862;1;0.26;1.724.137.931;;;1;0.26;172.413.793;;;16;;;;
55-64;unknown;4;10;2.5;;;0.26;26;1;0.26;10;;;1;0.26;10;;;9;;;;
65+;unknown;5;5;1;;;0.26;52;;;;;;0;;0;;;3;;;;
65+;unknown;16;28;1.75;;;0.24;857.142.857;;;;;;1;0.24;357.142.857;;;10;;;;
35-44;male;11;11;1;;;0.24;2.181.818.182;;;;;;0;;0;;;7;1;;;
18-24;unknown;16;25;15.625;;;0.23;9.2;2;0.115;8;;;4;0.0575;16;1;;18;;;;
18-24;female;58;58;1;;;0.23;396.551.724;;;;;;0;;0;;;17;;;;
18-24;unknown;19;19;1;;;0.22;1.157.894.737;;;;;;0;;0;;;9;;;;
35-44;unknown;25;25;1;;;0.22;8.8;;;;;;0;;0;;;16;;;;
45-54;unknown;0;25;0;;;0.22;8.8;1;0.22;4;;;1;0.22;4;;;15;;;;
55-64;female;11;11;1;;;0.22;20;;;;;;0;;0;;;3;;;;
65+;unknown;4;6;1.5;;;0.22;3.666.666.667;1;0.22;1.666.666.667;;;1;0.22;1.666.666.667;;;3;;;;
45-54;female;21;21;1;;;0.20;952.380.952;;;;;;0;;0;;1;10;;;;
45-54;male;7;7;1;;;0.20;2.857.142.857;1;0.2;1.428.571.429;;;1;0.2;1.428.571.429;;;6;;;;
45-54;female;17;17;1;;;0.19;1.117.647.059;;;;;;0;;0;;;7;;;;
25-34;male;12;12;1;;;0.18;15;;;;;;0;;0;;;5;;;;
65+;unknown;4;8;2;;;0.18;22.5;;;;;;0;;0;;;2;;;;
18-24;female;29;29;1;;;0.17;586.206.897;;;;;;1;0.17;344.827.586;;;9;;;;
65+;unknown;12;12;1;;;0.17;1.416.666.667;;;;;;0;;0;;;7;;;;
25-34;male;6;6;1;;;0.17;2.833.333.333;;;;;;0;;0;;;3;;;;
65+;unknown;17;17;1;;;0.16;941.176.471;;;;;;0;;0;;;8;;;;
18-24;unknown;0;18;0;;;0.16;888.888.889;;;;;;0;;0;;;7;;;;
55-64;unknown;7;7;1;;;0.16;2.285.714.286;;;;;;0;;0;;;4;;;;
65+;male;10;14;1.4;;;0.16;1.142.857.143;;;;;;0;;0;;;4;;;;
18-24;unknown;16;24;1.5;;;0.16;666.666.667;;;;;;0;;0;;;10;;;;
18-24;unknown;14;14;1;;;0.16;1.142.857.143;;;;;;0;;0;;;4;;;;
45-54;unknown;8;11;1.375;;;0.15;1.363.636.364;1;0.15;9.090.909.091;;;1;0.15;909.090.909;;;6;;;;
45-54;female;12;12;1;;;0.15;12.5;2;0.075;1.666.666.667;;;2;0.075;1.666.666.667;;;9;;;;
18-24;unknown;14;14;1;;;0.15;1.071.428.571;;;;;;0;;0;;;4;;;;
18-24;female;40;41;1.025;;;0.15;365.853.659;;;;;;0;;0;;1;11;;;;
65+;unknown;0;7;0;;;0.15;2.142.857.143;;;;;;0;;0;;;4;;;;
18-24;unknown;8;15;1.875;;;0.14;933.333.333;;;;;;0;;0;;;4;;;;
65+;unknown;8;8;1;;;0.14;17.5;;;;;;0;;0;;;4;;;;
18-24;unknown;0;14;0;;;0.14;10;;;;;;0;;0;;;6;;;;
55-64;unknown;7;7;1;;;0.14;20;;;;;;0;;0;;;6;;;;
55-64;unknown;4;6;1.5;;;0.13;2.166.666.667;;;;;;0;;0;;;5;;;;
25-34;female;14;14;1;;;0.13;928.571.429;;;;;;0;;0;;;5;;;;
65+;unknown;0;5;0;;;0.13;26;;;;;;0;;0;;;1;;;;
55-64;unknown;8;10;1.25;;;0.12;12;;;;;;0;;0;;;7;;;;
18-24;unknown;6;6;1;;;0.12;20;;;;;;0;;0;;;3;;;;
65+;female;2;2;1;;;0.12;60;;;;;;4;0.03;200;1;1;4;;;;
18-24;unknown;8;8;1;;;0.11;1.375.103.578;;;;;;1;0.11000829;12.5;;;5;;;;
18-24;unknown;16;16;1;;;0.11;68.752.974;;;;;;0;;0;;;5;;;;
65+;unknown;0;5;0;;;0.11;22;;;;;;0;;0;;;5;;;;
55-64;unknown;4;4;1;;;0.10;2.500.188.324;;;;;;0;;0;;;1;;;;
35-44;male;12;12;1;;;0.10;833.333.333;;;;;;0;;0;;;7;;;;
55-64;female;2;2;1;;;0.10;50;;;;;;0;;0;;;2;;;;
65+;unknown;6;6;1;;;0.09;1.500.038.874;;;;;;0;;0;;;3;;;;
25-34;male;4;4;1;;;0.09;22.5;;;;;;0;;0;;;2;;;;
35-44;unknown;7;7;1;;;0.08;1.142.857.143;;;;;;0;;0;;;1;;;;
18-24;female;21;21;1;;;0.08;380.952.381;;;;;;0;;0;;;7;;;;
55-64;unknown;0;9;0;;;0.08;888.888.889;;;;;;0;;0;;;8;;;;
18-24;unknown;8;9;1.125;;;0.07;777.777.778;;;;;;0;;0;;;5;;;;
18-24;unknown;16;22;1.375;;;0.07;318.181.818;;;;;;0;;0;;;2;;;;
65+;unknown;8;13;1.625;;;0.07;538.461.538;;;;;;0;;0;;;5;;;;
35-44;female;3;3;1;;;0.07;2.333.333.333;;;;;;0;;0;;;2;;;;
25-34;male;15;15;1;;;0.07;466.666.667;;;;;;0;;0;;;8;;;;
55-64;unknown;2;2;1;;;0.07;35;;;;;;0;;0;;;;;;;
18-24;unknown;5;5;1;;;0.06;12;;;;;;0;;0;;;1;;;;
18-24;unknown;0;8;0;;;0.06;7.5;;;;;;0;;0;;;2;;;;
35-44;male;5;5;1;;;0.06;12;;;;;;0;;0;;1;3;;;;
65+;unknown;0;8;0;;;0.05;6.25;;;;;;0;;0;;;3;;;;
65+;female;9;9;1;;;0.05;555.555.556;;;;;;0;;0;1;;7;;;;
25-34;male;8;8;1;;;0.05;6.25;;;;;;0;;0;;1;5;1;;;
45-54;unknown;4;4;1;;;0.05;12.5;;;;;;0;;0;;;2;;;;
65+;unknown;4;5;1.25;;;0.04;800.060.264;;;;;;0;;0;;;3;1;;;
65+;unknown;4;4;1;;;0.04;1.000.043.258;;;;;;0;;0;;;3;;;;
55-64;female;4;4;1;;;0.04;10;;;;;;0;;0;;;1;;;;
55-64;female;2;2;1;;;0.04;20;;;;;;0;;0;;;1;;;;
55-64;female;2;2;1;;;0.04;20;;;;;;0;;0;;;1;;;;
65+;unknown;3;3;1;;;0.04;1.333.333.333;;;;;;0;;0;;;1;;;;
65+;unknown;3;3;1;;;0.04;1.333.333.333;;;;;;0;;0;;;2;;;;
35-44;male;8;8;1;;;0.04;5;1;0.04;12.5;;;1;0.04;12.5;;;6;;;;
45-54;male;4;4;1;;;0.04;10;;;;;;0;;0;;;3;;;;
18-24;male;3;3;1;;;0.03;10;;;;;;0;;0;;;3;;;;
55-64;female;3;3;1;;;0.03;10;;;;;;0;;0;;;1;;;;
18-24;unknown;0;7;0;;;0.03;428.571.429;;;;;;0;;0;;;1;;;;
65+;unknown;0;5;0;;;0.03;6;;;;;;0;;0;;;4;;;;
65+;unknown;0;5;0;;;0.03;6;;;;;;0;;0;;;2;;;;
18-24;male;5;5;1;;;0.03;6;;;;;;0;;0;;;1;;;;
45-54;female;8;8;1;;;0.03;3.75;;;;;;0;;0;;;2;;;;
25-34;male;3;3;1;;;0.03;10;;;;;;0;;0;;;;;;;
55-64;unknown;1;1;1;;;0.03;30;;;;;;0;;0;;;1;;;;
35-44;male;2;2;1;;;0.03;15;;;;;;0;;0;;;;;;;
55-64;male;3;3;1;;;0.02;666.666.667;;;;;;0;;0;;;;;;;
35-44;male;2;2;1;;;0.02;10;;;;;;0;;0;;;1;;;;
18-24;male;6;6;1;;;0.02;333.333.333;;;;;;0;;0;;;4;;;;
25-34;male;5;5;1;;;0.02;4;;;;;;0;;0;;;2;;;;
25-34;unknown;2;2;1;;;0.02;10;;;;;;0;;0;;;;;;;
25-34;male;2;2;1;;;0.02;10;;;;;;0;;0;;;1;;;;
55-64;female;2;2;1;;;0.02;10;;;;;;0;;0;;;1;;;;
18-24;male;2;2;1;;;0.02;10;;;;;;0;;0;;;1;;;;
45-54;male;2;2;1;;;0.02;10;;;;;;0;;0;;;1;;;;
35-44;male;3;3;1;;;0.02;666.666.667;;;;;;0;;0;;;1;;;;
65+;female;5;5;1;;;0.02;4;;;;;;0;;0;;;;;;;
45-54;male;3;4;1.333.333.333;;;0.02;5;;;;;;0;;0;;;;;;;
35-44;unknown;3;3;1;;;0.02;666.666.667;;;;;;0;;0;;;;;;;
25-34;male;5;5;1;;;0.01;2;;;;;;0;;0;;;3;;;;
18-24;male;1;1;1;;;0.01;10;;;;;;0;;0;;;;;;;
18-24;male;4;4;1;;;0.01;2.5;;;;;;0;;0;;;1;;;;
45-54;male;2;2;1;;;0.01;5;;;;;;0;;0;;;1;;;;
65+;male;1;1;1;;;0.01;10;;;;;;0;;0;;;1;;;;
35-44;male;4;4;1;;;0.01;2.5;;;;;;0;;0;;;;;;;
55-64;male;1;1;1;;;0.01;10;;;;;;0;;0;;;;;;;
45-54;male;1;1;1;;;0.01;10;;;;;;0;;0;;;;;;;
18-24;male;1;1;1;;;0.01;10;;;;;;0;;0;;;;;;;
35-44;unknown;1;1;1;;;0.01;10;;;;;;0;;0;;;;;;;
65+;female;1;1;1;;;0.01;10;;;;;;0;;0;;;1;;;;
25-34;unknown;3;3;1;;;0.01;333.333.333;;;;;;0;;0;;;2;;;;
35-44;male;2;2;1;;;0.01;5;;;;;;0;;0;;;;;;;
18-24;unknown;5;5;1;;;0.01;2;;;;;;0;;0;;;1;;;;
45-54;male;4;4;1;;;0.01;2.5;;;;;;0;;0;;;1;;;;
65+;male;1;1;1;;;0.01;10;;;;;;0;;0;;;;;;;
25-34;unknown;1;1;1;;;0.01;10;;;;;;0;;0;;;1;;;;
55-64;unknown;1;1;1;;;0.01;10;;;;;;0;;0;;;;;;;
35-44;unknown;1;1;1;;;0.01;10;;;;;;0;;0;;;;;;;
13-17;unknown;0;1;0;;;0.01;999.992.395;;;;;;0;;0;;;;;;;
18-24;unknown;1;2;2;;;0.00;0;;;;;;0;;0;;;;;;;
45-54;male;1;1;1;;;0.00;0;;;;;;0;;0;;;;;;;
25-34;male;1;1;1;;;0.00;0;;;;;;0;;0;;;1;;;;
18-24;male;1;1;1;;;0.00;0;;;;;;0;;0;;;1;;;;
55-64;male;1;1;1;;;0.00;0;;;;;;0;;0;;;;;;;
25-34;unknown;1;1;1;;;0.00;0;;;;;;0;;0;;;;;;;
25-34;unknown;1;1;1;;;0.00;0;;;;;;0;;0;;;;;;;
18-24;unknown;1;1;1;;;0.00;0;;;;;;0;;0;;;;;;;
18-24;male;2;2;1;;;0.00;0;1;0;50;;;1;0;50;;;2;;;;
25-34;male;3;3;1;;;0.00;0;;;;;;0;;0;;;1;;;;
35-44;unknown;1;1;1;;;0.00;0;;;;;;0;;0;;;1;;;;
65+;female;1;1;1;;;0.00;0;;;;;;0;;0;;;;;;;
25-34;unknown;1;1;1;;;0.00;0;;;;;;0;;0;;;;;;;
35-44;unknown;1;1;1;;;0.00;0;;;;;;0;;0;;;;;;;
18-24;unknown;2;2;1;;;0.00;0;;;;;;0;;0;;;;;;;
65+;female;1;1;1;;;0.00;0;;;;;;0;;0;;;1;;;;
45-54;male;1;1;1;;;0.00;0;;;;;;0;;0;;;1;;;;
55-64;male;1;1;1;;;0.00;0;;;;;;0;;0;;;1;;;;
18-24;unknown;1;1;1;;;0.00;0;;;;;;0;;0;;;;;;;
18-24;male;1;1;1;;;0.00;0;;;;;;0;;0;;;1;;;;
35-44;unknown;1;1;1;;;0.00;0;;;;;;0;;0;;;;;;;
65+;male;1;1;1;;;0.00;0;;;;;;0;;0;;;1;;;;
25-34;unknown;2;2;1;;;0.00;0;;;;;;0;;0;;;;;;;
18-24;unknown;1;1;1;;;0.00;0;;;;;;0;;0;;;;;;;
45-54;unknown;1;1;1;;;0.00;0;;;;;;0;;0;;;;;;;
